TIMESTAMP_START,TIMESTAMP_END,TA_F,TA_F_QC,SW_IN_POT,SW_IN_F,SW_IN_F_QC,LW_IN_F,LW_IN_F_QC,VPD_F,VPD_F_QC,PA_F,PA_F_QC,P_F,P_F_QC,WS_F,WS_F_QC,USTAR,USTAR_QC,NETRAD,NETRAD_QC,PPFD_IN,PPFD_IN_QC,CO2_F_MDS,CO2_F_MDS_QC,G_F_MDS,G_F_MDS_QC,LE_F_MDS,LE_F_MDS_QC,LE_CORR,LE_RANDUNC,H_F_MDS,H_F_MDS_QC,H_CORR,H_RANDUNC,NEE_VUT_REF,NEE_VUT_REF_QC,NEE_VUT_REF_RANDUNC,NEE_VUT_25,NEE_VUT_50,NEE_VUT_75,NEE_VUT_25_QC,NEE_VUT_50_QC,NEE_VUT_75_QC,RECO_NT_VUT_REF,RECO_NT_VUT_25,RECO_NT_VUT_50,RECO_NT_VUT_75,GPP_NT_VUT_REF,GPP_NT_VUT_25,GPP_NT_VUT_50,GPP_NT_VUT_75,RECO_DT_VUT_REF,RECO_DT_VUT_25,RECO_DT_VUT_50,RECO_DT_VUT_75,GPP_DT_VUT_REF,GPP_DT_VUT_25,GPP_DT_VUT_50,GPP_DT_VUT_75,RECO_SR,RECO_SR_N
20090101,20090107,25.547,0.0,508.113,295.614,0.0,371.529,0.0,16.471,0.0,99.678,0.0,1.035,0.0,2.776,0.0,-9999,-9999,-9999,-9999,-9999,-9999,-9999,-9999,-9999,1.0,145.307,0.0,-9999,-9999,0.730962,0.0,-9999,-9999,-9999,-9999,-9999,-9999,-9999,-9999,-9999,-9999,-9999,-9999,-9999,-9999,-9999,-9999,-9999,-9999,-9999,-9999,-9999,-9999,-9999,-9999,-9999,-9999,-9999,-9999,-9999
20090108,20090114,26.19,0.0,504.801,244.923,0.0,403.706,0.0,11.484,0.0,99.769,0.0,5.787,0.0,1.666,0.0,-9999,-9999,-9999,-9999,-9999,-9999,-9999,-9999,-9999,1.0,144.006,0.0,-9999,-9999,-1.87889,0.0,-9999,-9999,-9999,-9999,-9999,-9999,-9999,-9999,-9999,-9999,-9999,-9999,-9999,-9999,-9999,-9999,-9999,-9999,-9999,-9999,-9999,-9999,-9999,-9999,-9999,-9999,-9999,-9999,-9999
20090115,20090121,25.363,0.0,499.83,277.121,0.0,380.264,0.0,12.478,0.0,99.687,0.0,1.72,0.0,2.119,0.0,-9999,-9999,-9999,-9999,-9999,-9999,-9999,-9999,-9999,1.0,143.497,0.0,-9999,-9999,-2.27939,0.0,-9999,-9999,-9999,-9999,-9999,-9999,-9999,-9999,-9999,-9999,-9999,-9999,-9999,-9999,-9999,-9999,-9999,-9999,-9999,-9999,-9999,-9999,-9999,-9999,-9999,-9999,-9999,-9999,-9999
20090122,20090128,27.402,0.0,493.186,267.065,0.0,399.544,0.0,13.774,0.0,99.701,0.0,3.074,0.0,1.671,0.0,-9999,-9999,-9999,-9999,-9999,-9999,-9999,-9999,-9999,1.0,145.307,0.0,-9999,-9999,0.730962,0.0,-9999,-9999,-9999,-9999,-9999,-9999,-9999,-9999,-9999,-9999,-9999,-9999,-9999,-9999,-9999,-9999,-9999,-9999,-9999,-9999,-9999,-9999,-9999,-9999,-9999,-9999,-9999,-9999,-9999
20090129,20090204,27.332,0.0,484.87,270.547,0.0,394.412,0.0,15.18,0.0,99.489,0.0,0.48,0.0,2.126,0.0,-9999,-9999,-9999,-9999,-9999,-9999,-9999,-9999,-9999,1.0,144.006,0.0,-9999,-9999,-1.87889,0.0,-9999,-9999,-9999,-9999,-9999,-9999,-9999,-9999,-9999,-9999,-9999,-9999,-9999,-9999,-9999,-9999,-9999,-9999,-9999,-9999,-9999,-9999,-9999,-9999,-9999,-9999,-9999,-9999,-9999
20090205,20090211,28.174,0.0,474.911,248.366,0.0,408.274,0.0,15.345,0.0,99.535,0.0,3.064,0.0,2.107,0.0,-9999,-9999,-9999,-9999,-9999,-9999,-9999,-9999,-9999,1.0,143.497,0.0,-9999,-9999,-2.27939,0.0,-9999,-9999,-9999,-9999,-9999,-9999,-9999,-9999,-9999,-9999,-9999,-9999,-9999,-9999,-9999,-9999,-9999,-9999,-9999,-9999,-9999,-9999,-9999,-9999,-9999,-9999,-9999,-9999,-9999
20090212,20090218,26.612,0.0,463.37,255.728,0.0,392.883,0.0,13.656,0.0,99.531,0.0,2.598,0.0,1.485,0.0,-9999,-9999,-9999,-9999,-9999,-9999,-9999,-9999,-9999,1.0,145.307,0.0,-9999,-9999,0.730962,0.0,-9999,-9999,-9999,-9999,-9999,-9999,-9999,-9999,-9999,-9999,-9999,-9999,-9999,-9999,-9999,-9999,-9999,-9999,-9999,-9999,-9999,-9999,-9999,-9999,-9999,-9999,-9999,-9999,-9999
20090219,20090225,26.81,0.0,450.346,229.796,0.0,411.342,0.0,10.782,0.0,99.648,0.0,4.001,0.0,2.242,0.0,-9999,-9999,-9999,-9999,-9999,-9999,-9999,-9999,-9999,1.0,144.006,0.0,-9999,-9999,-1.87889,0.0,-9999,-9999,-9999,-9999,-9999,-9999,-9999,-9999,-9999,-9999,-9999,-9999,-9999,-9999,-9999,-9999,-9999,-9999,-9999,-9999,-9999,-9999,-9999,-9999,-9999,-9999,-9999,-9999,-9999
20090226,20090304,26.895,0.0,435.979,213.559,0.0,415.103,0.0,9.824,0.0,99.643,0.0,3.997,0.0,1.727,0.0,-9999,-9999,-9999,-9999,-9999,-9999,-9999,-9999,-9999,1.0,143.497,0.0,-9999,-9999,-2.27939,0.0,-9999,-9999,-9999,-9999,-9999,-9999,-9999,-9999,-9999,-9999,-9999,-9999,-9999,-9999,-9999,-9999,-9999,-9999,-9999,-9999,-9999,-9999,-9999,-9999,-9999,-9999,-9999,-9999,-9999
20090305,20090311,26.049,0.0,420.448,236.956,0.0,388.694,0.0,13.334,0.0,99.715,0.0,0.515,0.0,1.95,0.0,-9999,-9999,-9999,-9999,-9999,-9999,-9999,-9999,-9999,1.0,145.307,0.0,-9999,-9999,0.730962,0.0,-9999,-9999,-9999,-9999,-9999,-9999,-9999,-9999,-9999,-9999,-9999,-9999,-9999,-9999,-9999,-9999,-9999,-9999,-9999,-9999,-9999,-9999,-9999,-9999,-9999,-9999,-9999,-9999,-9999
20090312,20090318,24.96,0.0,403.967,237.478,0.0,367.874,0.0,14.039,0.0,99.812,0.0,0.444,0.0,1.903,0.0,-9999,-9999,-9999,-9999,-9999,-9999,-9999,-9999,-9999,1.0,144.006,0.0,-9999,-9999,-1.87889,0.0,-9999,-9999,-9999,-9999,-9999,-9999,-9999,-9999,-9999,-9999,-9999,-9999,-9999,-9999,-9999,-9999,-9999,-9999,-9999,-9999,-9999,-9999,-9999,-9999,-9999,-9999,-9999,-9999,-9999
20090319,20090325,27.069,0.0,386.781,233.411,0.0,387.099,0.0,16.13,0.0,99.728,0.0,0.137,0.0,1.689,0.0,-9999,-9999,-9999,-9999,-9999,-9999,-9999,-9999,-9999,1.0,143.497,0.0,-9999,-9999,-2.27939,0.0,-9999,-9999,-9999,-9999,-9999,-9999,-9999,-9999,-9999,-9999,-9999,-9999,-9999,-9999,-9999,-9999,-9999,-9999,-9999,-9999,-9999,-9999,-9999,-9999,-9999,-9999,-9999,-9999,-9999
20090326,20090401,26.628,0.0,369.156,218.292,0.0,383.621,0.0,14.244,0.0,99.525,0.0,1.42,0.0,1.454,0.0,-9999,-9999,-9999,-9999,-9999,-9999,-9999,-9999,-9999,1.0,145.307,0.0,-9999,-9999,0.730962,0.0,-9999,-9999,-9999,-9999,-9999,-9999,-9999,-9999,-9999,-9999,-9999,-9999,-9999,-9999,-9999,-9999,-9999,-9999,-9999,-9999,-9999,-9999,-9999,-9999,-9999,-9999,-9999,-9999,-9999
20090402,20090408,26.745,0.0,351.378,209.081,0.0,382.198,0.0,15.684,0.0,99.771,0.0,0.065,0.0,2.044,0.0,-9999,-9999,-9999,-9999,-9999,-9999,-9999,-9999,-9999,1.0,144.006,0.0,-9999,-9999,-1.87889,0.0,-9999,-9999,-9999,-9999,-9999,-9999,-9999,-9999,-9999,-9999,-9999,-9999,-9999,-9999,-9999,-9999,-9999,-9999,-9999,-9999,-9999,-9999,-9999,-9999,-9999,-9999,-9999,-9999,-9999
20090409,20090415,24.372,0.0,333.742,215.851,0.0,345.045,0.0,16.062,0.0,100.141,0.0,0.0,0.0,1.929,0.0,-9999,-9999,-9999,-9999,-9999,-9999,-9999,-9999,-9999,1.0,143.497,0.0,-9999,-9999,-2.27939,0.0,-9999,-9999,-9999,-9999,-9999,-9999,-9999,-9999,-9999,-9999,-9999,-9999,-9999,-9999,-9999,-9999,-9999,-9999,-9999,-9999,-9999,-9999,-9999,-9999,-9999,-9999,-9999,-9999,-9999
20090416,20090422,22.268,0.0,316.55,157.505,0.0,358.71,0.0,12.139,0.0,100.238,0.0,3.166,0.0,2.033,0.0,-9999,-9999,-9999,-9999,-9999,-9999,-9999,-9999,-9999,1.0,145.307,0.0,-9999,-9999,0.730962,0.0,-9999,-9999,-9999,-9999,-9999,-9999,-9999,-9999,-9999,-9999,-9999,-9999,-9999,-9999,-9999,-9999,-9999,-9999,-9999,-9999,-9999,-9999,-9999,-9999,-9999,-9999,-9999,-9999,-9999
20090423,20090429,22.073,0.0,300.105,182.996,0.0,351.423,0.0,10.24,0.0,100.133,0.0,0.024,0.0,1.547,0.0,-9999,-9999,-9999,-9999,-9999,-9999,-9999,-9999,-9999,1.0,144.006,0.0,-9999,-9999,-1.87889,0.0,-9999,-9999,-9999,-9999,-9999,-9999,-9999,-9999,-9999,-9999,-9999,-9999,-9999,-9999,-9999,-9999,-9999,-9999,-9999,-9999,-9999,-9999,-9999,-9999,-9999,-9999,-9999,-9999,-9999
20090430,20090506,21.378,0.0,284.704,175.05,0.0,340.004,0.0,11.14,0.0,100.111,0.0,0.0,0.0,1.774,0.0,-9999,-9999,-9999,-9999,-9999,-9999,-9999,-9999,-9999,1.0,143.497,0.0,-9999,-9999,-2.27939,0.0,-9999,-9999,-9999,-9999,-9999,-9999,-9999,-9999,-9999,-9999,-9999,-9999,-9999,-9999,-9999,-9999,-9999,-9999,-9999,-9999,-9999,-9999,-9999,-9999,-9999,-9999,-9999,-9999,-9999
20090507,20090513,21.411,0.0,270.629,129.713,0.0,365.253,0.0,8.402,0.0,99.848,0.0,5.297,0.0,1.752,0.0,-9999,-9999,-9999,-9999,-9999,-9999,-9999,-9999,-9999,1.0,145.307,0.0,-9999,-9999,0.730962,0.0,-9999,-9999,-9999,-9999,-9999,-9999,-9999,-9999,-9999,-9999,-9999,-9999,-9999,-9999,-9999,-9999,-9999,-9999,-9999,-9999,-9999,-9999,-9999,-9999,-9999,-9999,-9999,-9999,-9999
20090514,20090520,17.615,0.0,258.145,120.714,0.0,352.816,0.0,6.646,0.0,100.268,0.0,4.108,0.0,2.163,0.0,-9999,-9999,-9999,-9999,-9999,-9999,-9999,-9999,-9999,1.0,144.006,0.0,-9999,-9999,-1.87889,0.0,-9999,-9999,-9999,-9999,-9999,-9999,-9999,-9999,-9999,-9999,-9999,-9999,-9999,-9999,-9999,-9999,-9999,-9999,-9999,-9999,-9999,-9999,-9999,-9999,-9999,-9999,-9999,-9999,-9999
20090521,20090527,21.24,0.0,247.489,111.802,0.0,371.067,0.0,7.478,0.0,100.011,0.0,3.045,0.0,2.414,0.0,-9999,-9999,-9999,-9999,-9999,-9999,-9999,-9999,-9999,1.0,143.497,0.0,-9999,-9999,-2.27939,0.0,-9999,-9999,-9999,-9999,-9999,-9999,-9999,-9999,-9999,-9999,-9999,-9999,-9999,-9999,-9999,-9999,-9999,-9999,-9999,-9999,-9999,-9999,-9999,-9999,-9999,-9999,-9999,-9999,-9999
20090528,20090603,12.457,0.0,238.862,96.284,0.0,319.528,0.0,5.408,0.0,100.534,0.0,6.732,0.0,2.647,0.0,-9999,-9999,-9999,-9999,-9999,-9999,-9999,-9999,-9999,1.0,145.307,0.0,-9999,-9999,0.730962,0.0,-9999,-9999,-9999,-9999,-9999,-9999,-9999,-9999,-9999,-9999,-9999,-9999,-9999,-9999,-9999,-9999,-9999,-9999,-9999,-9999,-9999,-9999,-9999,-9999,-9999,-9999,-9999,-9999,-9999
20090604,20090610,12.84,0.0,232.427,136.68,0.0,293.691,0.0,5.406,0.0,100.519,0.0,0.0,0.0,1.71,0.0,-9999,-9999,-9999,-9999,-9999,-9999,-9999,-9999,-9999,1.0,144.006,0.0,-9999,-9999,-1.87889,0.0,-9999,-9999,-9999,-9999,-9999,-9999,-9999,-9999,-9999,-9999,-9999,-9999,-9999,-9999,-9999,-9999,-9999,-9999,-9999,-9999,-9999,-9999,-9999,-9999,-9999,-9999,-9999,-9999,-9999
20090611,20090617,13.331,0.0,228.304,120.805,0.0,305.294,0.0,5.196,0.0,100.516,0.0,5.444,0.0,1.84,0.0,-9999,-9999,-9999,-9999,-9999,-9999,-9999,-9999,-9999,1.0,143.497,0.0,-9999,-9999,-2.27939,0.0,-9999,-9999,-9999,-9999,-9999,-9999,-9999,-9999,-9999,-9999,-9999,-9999,-9999,-9999,-9999,-9999,-9999,-9999,-9999,-9999,-9999,-9999,-9999,-9999,-9999,-9999,-9999,-9999,-9999
20090618,20090624,17.294,0.0,226.562,102.989,0.0,341.337,0.0,6.136,0.0,100.142,0.0,5.018,0.0,2.597,0.0,-9999,-9999,-9999,-9999,-9999,-9999,-9999,-9999,-9999,1.0,145.307,0.0,-9999,-9999,0.730962,0.0,-9999,-9999,-9999,-9999,-9999,-9999,-9999,-9999,-9999,-9999,-9999,-9999,-9999,-9999,-9999,-9999,-9999,-9999,-9999,-9999,-9999,-9999,-9999,-9999,-9999,-9999,-9999,-9999,-9999
20090625,20090701,14.048,0.0,227.227,114.396,0.0,315.833,0.0,5.263,0.0,100.34,0.0,1.618,0.0,2.2,0.0,-9999,-9999,-9999,-9999,-9999,-9999,-9999,-9999,-9999,1.0,144.006,0.0,-9999,-9999,-1.87889,0.0,-9999,-9999,-9999,-9999,-9999,-9999,-9999,-9999,-9999,-9999,-9999,-9999,-9999,-9999,-9999,-9999,-9999,-9999,-9999,-9999,-9999,-9999,-9999,-9999,-9999,-9999,-9999,-9999,-9999
20090702,20090708,17.257,0.0,230.271,103.7,0.0,342.699,0.0,5.628,0.0,100.219,0.0,11.367,0.0,2.127,0.0,-9999,-9999,-9999,-9999,-9999,-9999,-9999,-9999,-9999,1.0,143.497,0.0,-9999,-9999,-2.27939,0.0,-9999,-9999,-9999,-9999,-9999,-9999,-9999,-9999,-9999,-9999,-9999,-9999,-9999,-9999,-9999,-9999,-9999,-9999,-9999,-9999,-9999,-9999,-9999,-9999,-9999,-9999,-9999,-9999,-9999
20090709,20090715,12.114,0.0,235.624,99.173,0.0,314.668,0.0,4.67,0.0,100.507,0.0,1.537,0.0,2.087,0.0,-9999,-9999,-9999,-9999,-9999,-9999,-9999,-9999,-9999,1.0,145.307,0.0,-9999,-9999,0.730962,0.0,-9999,-9999,-9999,-9999,-9999,-9999,-9999,-9999,-9999,-9999,-9999,-9999,-9999,-9999,-9999,-9999,-9999,-9999,-9999,-9999,-9999,-9999,-9999,-9999,-9999,-9999,-9999,-9999,-9999
20090716,20090722,14.41,0.0,243.166,118.224,0.0,333.464,0.0,5.32,0.0,100.274,0.0,3.183,0.0,2.425,0.0,-9999,-9999,-9999,-9999,-9999,-9999,-9999,-9999,-9999,1.0,144.006,0.0,-9999,-9999,-1.87889,0.0,-9999,-9999,-9999,-9999,-9999,-9999,-9999,-9999,-9999,-9999,-9999,-9999,-9999,-9999,-9999,-9999,-9999,-9999,-9999,-9999,-9999,-9999,-9999,-9999,-9999,-9999,-9999,-9999,-9999
20090723,20090729,8.418,0.0,252.74,158.511,0.0,261.139,0.0,5.408,0.0,100.796,0.0,0.0,0.0,1.669,0.0,-9999,-9999,-9999,-9999,-9999,-9999,-9999,-9999,-9999,1.0,143.497,0.0,-9999,-9999,-2.27939,0.0,-9999,-9999,-9999,-9999,-9999,-9999,-9999,-9999,-9999,-9999,-9999,-9999,-9999,-9999,-9999,-9999,-9999,-9999,-9999,-9999,-9999,-9999,-9999,-9999,-9999,-9999,-9999,-9999,-9999
20090730,20090805,14.93,0.0,264.149,142.265,0.0,322.565,0.0,6.403,0.0,100.37,0.0,0.146,0.0,2.149,0.0,-9999,-9999,-9999,-9999,-9999,-9999,-9999,-9999,-9999,1.0,145.307,0.0,-9999,-9999,0.730962,0.0,-9999,-9999,-9999,-9999,-9999,-9999,-9999,-9999,-9999,-9999,-9999,-9999,-9999,-9999,-9999,-9999,-9999,-9999,-9999,-9999,-9999,-9999,-9999,-9999,-9999,-9999,-9999,-9999,-9999
20090806,20090812,14.805,0.0,277.168,96.086,0.0,343.913,0.0,5.065,0.0,100.504,0.0,15.455,0.0,2.652,0.0,-9999,-9999,-9999,-9999,-9999,-9999,-9999,-9999,-9999,1.0,144.006,0.0,-9999,-9999,-1.87889,0.0,-9999,-9999,-9999,-9999,-9999,-9999,-9999,-9999,-9999,-9999,-9999,-9999,-9999,-9999,-9999,-9999,-9999,-9999,-9999,-9999,-9999,-9999,-9999,-9999,-9999,-9999,-9999,-9999,-9999
20090813,20090819,20.09,0.0,291.549,145.129,0.0,363.634,0.0,8.425,0.0,99.67,0.0,4.386,0.0,3.314,0.0,-9999,-9999,-9999,-9999,-9999,-9999,-9999,-9999,-9999,1.0,143.497,0.0,-9999,-9999,-2.27939,0.0,-9999,-9999,-9999,-9999,-9999,-9999,-9999,-9999,-9999,-9999,-9999,-9999,-9999,-9999,-9999,-9999,-9999,-9999,-9999,-9999,-9999,-9999,-9999,-9999,-9999,-9999,-9999,-9999,-9999
20090820,20090826,16.631,0.0,307.027,167.226,0.0,332.617,0.0,6.759,0.0,100.39,0.0,0.062,0.0,2.09,0.0,-9999,-9999,-9999,-9999,-9999,-9999,-9999,-9999,-9999,1.0,145.307,0.0,-9999,-9999,0.730962,0.0,-9999,-9999,-9999,-9999,-9999,-9999,-9999,-9999,-9999,-9999,-9999,-9999,-9999,-9999,-9999,-9999,-9999,-9999,-9999,-9999,-9999,-9999,-9999,-9999,-9999,-9999,-9999,-9999,-9999
20090827,20090902,23.435,0.0,323.331,188.147,0.0,361.99,0.0,10.578,0.0,99.931,0.0,2.565,0.0,2.509,0.0,-9999,-9999,-9999,-9999,-9999,-9999,-9999,-9999,-9999,1.0,144.006,0.0,-9999,-9999,-1.87889,0.0,-9999,-9999,-9999,-9999,-9999,-9999,-9999,-9999,-9999,-9999,-9999,-9999,-9999,-9999,-9999,-9999,-9999,-9999,-9999,-9999,-9999,-9999,-9999,-9999,-9999,-9999,-9999,-9999,-9999
20090903,20090909,18.534,0.0,340.186,153.873,0.0,357.101,0.0,6.426,0.0,99.839,0.0,8.673,0.0,2.7,0.0,-9999,-9999,-9999,-9999,-9999,-9999,-9999,-9999,-9999,1.0,143.497,0.0,-9999,-9999,-2.27939,0.0,-9999,-9999,-9999,-9999,-9999,-9999,-9999,-9999,-9999,-9999,-9999,-9999,-9999,-9999,-9999,-9999,-9999,-9999,-9999,-9999,-9999,-9999,-9999,-9999,-9999,-9999,-9999,-9999,-9999
20090910,20090916,18.26,0.0,357.321,148.585,0.0,364.324,0.0,6.142,0.0,100.514,0.0,2.403,0.0,1.956,0.0,-9999,-9999,-9999,-9999,-9999,-9999,-9999,-9999,-9999,1.0,145.307,0.0,-9999,-9999,0.730962,0.0,-9999,-9999,-9999,-9999,-9999,-9999,-9999,-9999,-9999,-9999,-9999,-9999,-9999,-9999,-9999,-9999,-9999,-9999,-9999,-9999,-9999,-9999,-9999,-9999,-9999,-9999,-9999,-9999,-9999
20090917,20090923,17.911,0.0,374.469,189.593,0.0,343.154,0.0,6.833,0.0,99.97,0.0,5.966,0.0,2.578,0.0,-9999,-9999,-9999,-9999,-9999,-9999,-9999,-9999,-9999,1.0,144.006,0.0,-9999,-9999,-1.87889,0.0,-9999,-9999,-9999,-9999,-9999,-9999,-9999,-9999,-9999,-9999,-9999,-9999,-9999,-9999,-9999,-9999,-9999,-9999,-9999,-9999,-9999,-9999,-9999,-9999,-9999,-9999,-9999,-9999,-9999
20090924,20090930,16.789,0.0,391.376,195.024,0.0,338.413,0.0,6.722,0.0,100.268,0.0,7.106,0.0,2.818,0.0,-9999,-9999,-9999,-9999,-9999,-9999,-9999,-9999,-9999,1.0,143.497,0.0,-9999,-9999,-2.27939,0.0,-9999,-9999,-9999,-9999,-9999,-9999,-9999,-9999,-9999,-9999,-9999,-9999,-9999,-9999,-9999,-9999,-9999,-9999,-9999,-9999,-9999,-9999,-9999,-9999,-9999,-9999,-9999,-9999,-9999
20091001,20091007,21.045,0.0,407.798,226.191,0.0,363.778,0.0,8.735,0.0,99.998,0.0,1.878,0.0,2.384,0.0,-9999,-9999,-9999,-9999,-9999,-9999,-9999,-9999,-9999,1.0,145.307,0.0,-9999,-9999,0.730962,0.0,-9999,-9999,-9999,-9999,-9999,-9999,-9999,-9999,-9999,-9999,-9999,-9999,-9999,-9999,-9999,-9999,-9999,-9999,-9999,-9999,-9999,-9999,-9999,-9999,-9999,-9999,-9999,-9999,-9999
20091008,20091014,20.448,0.0,423.506,233.416,0.0,348.722,0.0,9.304,0.0,99.723,0.0,7.024,0.0,2.835,0.0,-9999,-9999,-9999,-9999,-9999,-9999,-9999,-9999,-9999,1.0,144.006,0.0,-9999,-9999,-1.87889,0.0,-9999,-9999,-9999,-9999,-9999,-9999,-9999,-9999,-9999,-9999,-9999,-9999,-9999,-9999,-9999,-9999,-9999,-9999,-9999,-9999,-9999,-9999,-9999,-9999,-9999,-9999,-9999,-9999,-9999
20091015,20091021,20.582,0.0,438.296,249.533,0.0,345.73,0.0,9.361,0.0,99.778,0.0,0.016,0.0,2.76,0.0,-9999,-9999,-9999,-9999,-9999,-9999,-9999,-9999,-9999,1.0,143.497,0.0,-9999,-9999,-2.27939,0.0,-9999,-9999,-9999,-9999,-9999,-9999,-9999,-9999,-9999,-9999,-9999,-9999,-9999,-9999,-9999,-9999,-9999,-9999,-9999,-9999,-9999,-9999,-9999,-9999,-9999,-9999,-9999,-9999,-9999
20091022,20091028,22.45,0.0,451.984,248.159,0.0,370.678,0.0,9.413,0.0,99.641,0.0,4.664,0.0,2.593,0.0,-9999,-9999,-9999,-9999,-9999,-9999,-9999,-9999,-9999,1.0,145.307,0.0,-9999,-9999,0.730962,0.0,-9999,-9999,-9999,-9999,-9999,-9999,-9999,-9999,-9999,-9999,-9999,-9999,-9999,-9999,-9999,-9999,-9999,-9999,-9999,-9999,-9999,-9999,-9999,-9999,-9999,-9999,-9999,-9999,-9999
20091029,20091104,28.626,0.0,464.418,288.147,0.0,402.468,0.0,14.958,0.0,99.297,0.0,0.94,0.0,2.07,0.0,-9999,-9999,-9999,-9999,-9999,-9999,-9999,-9999,-9999,1.0,144.006,0.0,-9999,-9999,-1.87889,0.0,-9999,-9999,-9999,-9999,-9999,-9999,-9999,-9999,-9999,-9999,-9999,-9999,-9999,-9999,-9999,-9999,-9999,-9999,-9999,-9999,-9999,-9999,-9999,-9999,-9999,-9999,-9999,-9999,-9999
20091105,20091111,23.633,0.0,475.477,178.962,0.0,401.215,0.0,7.678,0.0,99.324,0.0,9.732,0.0,2.695,0.0,-9999,-9999,-9999,-9999,-9999,-9999,-9999,-9999,-9999,1.0,143.497,0.0,-9999,-9999,-2.27939,0.0,-9999,-9999,-9999,-9999,-9999,-9999,-9999,-9999,-9999,-9999,-9999,-9999,-9999,-9999,-9999,-9999,-9999,-9999,-9999,-9999,-9999,-9999,-9999,-9999,-9999,-9999,-9999,-9999,-9999
20091112,20091118,26.273,0.0,485.072,195.513,0.0,420.113,0.0,8.713,0.0,99.31,0.0,7.647,0.0,2.306,0.0,-9999,-9999,-9999,-9999,-9999,-9999,-9999,-9999,-9999,1.0,145.307,0.0,-9999,-9999,0.730962,0.0,-9999,-9999,-9999,-9999,-9999,-9999,-9999,-9999,-9999,-9999,-9999,-9999,-9999,-9999,-9999,-9999,-9999,-9999,-9999,-9999,-9999,-9999,-9999,-9999,-9999,-9999,-9999,-9999,-9999
20091119,20091125,27.486,0.0,493.143,222.658,0.0,425.251,0.0,9.46,0.0,99.194,0.0,5.712,0.0,2.915,0.0,-9999,-9999,-9999,-9999,-9999,-9999,-9999,-9999,-9999,1.0,144.006,0.0,-9999,-9999,-1.87889,0.0,-9999,-9999,-9999,-9999,-9999,-9999,-9999,-9999,-9999,-9999,-9999,-9999,-9999,-9999,-9999,-9999,-9999,-9999,-9999,-9999,-9999,-9999,-9999,-9999,-9999,-9999,-9999,-9999,-9999
20091126,20091202,26.742,0.0,499.658,223.485,0.0,417.908,0.0,8.727,0.0,99.132,0.0,5.11,0.0,2.276,0.0,-9999,-9999,-9999,-9999,-9999,-9999,-9999,-9999,-9999,1.0,143.497,0.0,-9999,-9999,-2.27939,0.0,-9999,-9999,-9999,-9999,-9999,-9999,-9999,-9999,-9999,-9999,-9999,-9999,-9999,-9999,-9999,-9999,-9999,-9999,-9999,-9999,-9999,-9999,-9999,-9999,-9999,-9999,-9999,-9999,-9999
20091203,20091209,24.075,0.0,504.597,269.569,0.0,383.379,0.0,9.398,0.0,99.611,0.0,9.736,0.0,2.766,0.0,-9999,-9999,-9999,-9999,-9999,-9999,418.518,0.0,-9999,1.0,145.307,0.0,-9999,-9999,0.730962,0.0,-9999,-9999,-9999,-9999,-9999,-9999,-9999,-9999,-9999,-9999,-9999,-9999,-9999,-9999,-9999,-9999,-9999,-9999,-9999,-9999,-9999,-9999,-9999,-9999,-9999,-9999,-9999,-9999,-9999
20091210,20091216,24.378,0.291667,507.955,273.826,0.0,381.626,0.0,10.145,0.291667,99.643,0.28869,3.155,0.0,2.272,0.28869,-9999,-9999,-9999,-9999,-9999,-9999,418.966,0.291667,-9999,1.0,146.187,0.291667,-9999,-9999,1.61434,0.291667,-9999,-9999,-9999,-9999,-9999,-9999,-9999,-9999,-9999,-9999,-9999,-9999,-9999,-9999,-9999,-9999,-9999,-9999,-9999,-9999,-9999,-9999,-9999,-9999,-9999,-9999,-9999,-9999,-9999
20091217,20091223,28.834,1.0,509.724,244.185,0.0,416.663,0.0,14.024,0.994048,99.7,0.997024,6.4,0.0,2.372,0.997024,0.338379472854,0.986111111111,171.636848302,1.0,-9999,-9999,423.753,1.0,-9999,1.0,134.464,1.0,-9999,1.21562,-7.34594,1.0,-9999,1.31497,-9999,-9999,-9999,-9999,-9999,-9999,-9999,-9999,-9999,-9999,-9999,-9999,-9999,-9999,-9999,-9999,-9999,-9999,-9999,-9999,-9999,-9999,-9999,-9999,-9999,-9999,-9999
20091224,20091231,28.871,1.0,509.825,258.925,0.00260417,415.415,0.0,14.607,1.0,99.215,1.0,7.698,0.0,2.482,0.994792,0.282511866071,1.0,190.724428143,0.994047619048,-9999,-9999,425.933,1.0,-9999,1.0,146.377,0.986979,-9999,1.18542,0.545167,0.994792,-9999,1.13335,-9999,-9999,-9999,-9999,-9999,-9999,-9999,-9999,-9999,-9999,-9999,-9999,-9999,-9999,-9999,-9999,-9999,-9999,-9999,-9999,-9999,-9999,-9999,-9999,-9999,-9999,-9999
20100101,20100107,28.76,1.0,508.113,232.659,0.4375,423.323,0.0,14.394,1.0,99.462,1.0,4.203,0.0,2.803,0.994048,0.349311183273,0.993055555556,147.22395899,1.0,-9999,-9999,424.049,1.0,-9999,1.0,132.302,0.96131,-9999,1.29893,-1.56085,0.964286,-9999,1.1488,-1.41179,0.0,-9999,-1.32462,-1.17685,-0.980359,0.0,0.0,0.0,19.9752,17.7751,19.6252,19.9693,21.1088,19.1911,20.6444,21.0967,3.94821,3.91402,3.95508,3.98378,7.31311,7.0207,7.29306,7.31586,-9999,-9999
20100108,20100114,26.479,1.0,504.801,243.469,0.458333,407.255,0.0,10.824,1.0,99.526,1.0,5.232,0.0,2.685,1.0,0.372448311141,0.993055555556,132.660481111,1.0,-9999,-9999,424.501,1.0,-9999,1.0,121.598,0.979167,-9999,1.27431,-3.81534,0.982143,-9999,1.05643,-1.37201,0.0,-9999,-1.24284,-1.19224,-1.02951,0.0,0.0,0.0,17.8954,15.9437,17.3721,17.8455,19.4209,17.141,18.3853,18.7997,3.32966,3.30083,3.33545,3.35966,8.15186,7.80258,8.13451,8.15467,-9999,-9999
20100115,20100121,25.777,1.0,499.83,260.012,0.458333,393.69,0.0,11.463,1.0,99.655,1.0,6.264,0.0,2.443,0.994048,0.304435679748,0.982638888889,148.457493424,1.0,-9999,-9999,420.416,1.0,-9999,1.0,130.809,0.958333,-9999,1.10955,-2.2343,0.96131,-9999,1.06838,-1.84914,0.0,-9999,-1.84914,-1.64728,-1.51951,0.0,0.0,0.0,17.2843,15.2793,16.8176,17.1978,19.1597,17.162,18.3289,18.777,3.15892,3.13157,3.16441,3.18738,8.25638,7.83788,8.23789,8.25915,-9999,-9999
20100122,20100128,27.03,1.0,493.186,267.7,0.458333,392.603,0.0,13.162,1.0,99.624,1.0,3.94,0.0,2.354,0.994048,0.301603152778,1.0,213.512923726,1.0,-9999,-9999,424.375,1.0,-9999,1.0,149.337,0.952381,-9999,1.12006,-0.644251,0.958333,-9999,1.1528,-1.68171,0.0,-9999,-1.60997,-1.4313,-1.30182,0.0,0.0,0.0,18.3978,16.3999,17.8748,18.3781,19.6836,18.0099,19.338,19.6836,3.47928,3.44915,3.48533,3.51062,8.11436,7.6414,8.09532,8.11713,-9999,-9999
20100129,20100204,30.488,1.0,484.87,270.104,0.458333,417.126,0.0,18.023,1.0,99.378,1.0,1.544,0.0,3.146,1.0,0.414453986111,1.0,217.690112292,1.0,-9999,-9999,420.369,1.0,-9999,1.0,179.184,0.940476,-9999,1.68436,-38.595,0.940476,-9999,1.45315,-1.43678,0.014881,0.37401,-1.42224,-1.30217,-0.914578,0.014881,0.014881,0.047619,21.5671,19.4934,21.1815,21.7445,23.4167,20.9058,22.1723,23.1616,4.42645,4.38812,4.43415,4.46633,7.31802,6.91672,7.29046,7.31935,-9999,-9999
20100205,20100211,29.316,1.0,474.911,268.593,0.458333,413.707,0.0,16.465,0.997024,99.32,0.991071,3.533,0.0,2.515,0.988095,0.30410419334,0.989583333333,174.962785274,0.975694444444,-9999,-9999,430.066,1.0,-9999,1.0,150.809,0.96131,-9999,1.45502,-21.0856,0.96131,-9999,1.27615,-1.13584,0.4375,0.308033,-1.09904,-0.965278,-0.890006,0.497024,0.440476,0.440476,20.5732,18.4931,20.1555,20.5857,22.4319,19.5718,20.9813,21.7054,4.15925,4.12324,4.16649,4.19672,7.35018,6.94747,7.3228,7.35186,-9999,-9999
20100212,20100218,27.516,1.0,463.37,195.523,0.494048,414.85,0.0,12.493,1.0,99.596,1.0,8.502,0.0,2.453,1.0,0.340614510417,1.0,142.242091374,0.986111111111,-9999,-9999,426.136,1.0,-9999,1.0,120.581,0.96131,-9999,1.41042,-11.2657,0.967262,-9999,1.08305,-0.374247,0.821429,0.332302,-0.329846,0.0545287,0.194023,0.827381,0.85119,0.91369,17.5576,16.7101,17.3649,17.5316,17.406,16.7534,17.1414,17.3819,3.58979,3.5587,3.59603,3.62213,6.47686,6.30516,6.45929,6.47939,-9999,-9999
20100219,20100225,26.709,1.0,450.346,225.587,0.5,406.145,0.0,11.941,1.0,99.756,1.0,2.986,0.0,2.981,1.0,0.372028131944,1.0,87.2652129366,0.996527777778,-9999,-9999,420.939,1.0,-9999,1.0,128.512,0.964286,-9999,1.64264,-29.8226,0.970238,-9999,1.13701,0.311756,0.8125,0.381325,0.227355,0.289683,0.431001,0.821429,0.800595,0.866071,18.3333,18.0354,18.5882,18.8335,17.7985,17.5309,18.2844,18.6245,3.43504,3.4053,3.44102,3.46599,7.42356,7.10106,7.40623,7.42615,-9999,-9999
20100226,20100304,26.055,1.0,435.979,222.751,0.5,395.193,0.0,11.62,0.994048,99.943,1.0,3.207,0.0,2.263,1.0,0.300307229167,1.0,153.787646701,1.0,-9999,-9999,423.531,1.0,-9999,1.0,130.09,0.997024,-9999,1.46313,-9.55072,0.997024,-9999,1.08452,-2.14356,0.735119,0.317425,-2.19683,-1.96565,-1.59401,0.741071,0.770833,0.848214,17.3768,17.2881,18.1732,19.312,18.7711,18.7278,20.1133,21.3857,3.25528,3.2271,3.26095,3.28461,6.95728,6.622,6.94036,6.95974,-9999,-9999
20100305,20100311,26.533,1.0,420.448,247.31,0.5,382.094,0.0,13.495,1.0,99.679,1.0,0.523,0.0,2.159,1.0,0.226035302083,1.0,174.413265694,1.0,-9999,-9999,439.177,1.0,-9999,1.0,128.374,1.0,-9999,1.42023,6.82853,1.0,-9999,1.16706,-1.03644,0.776786,0.302861,-1.97006,-1.56772,-1.39558,0.877976,0.821429,0.803571,15.1197,15.0036,15.5153,16.2537,17.3532,17.011,17.1079,17.7068,3.34462,3.31566,3.35044,3.37475,7.09829,6.70568,7.07288,7.10048,-9999,-9999
20100312,20100318,24.828,1.0,403.967,234.247,0.511905,379.571,0.0,11.856,1.0,99.773,1.0,0.719,0.0,2.388,0.985119,0.296978083018,0.986111111111,128.135477083,1.0,-9999,-9999,426.39,1.0,-9999,1.0,116.818,0.964286,-9999,1.7846,-11.0142,0.96131,-9999,1.34714,0.997485,0.723214,0.36011,0.471823,0.626576,0.705615,0.839286,0.75,0.699405,16.2138,15.8033,16.768,17.4433,15.8603,15.4386,16.2018,16.7599,2.96842,2.94271,2.97358,2.99516,7.10684,6.73646,7.08947,7.10935,-9999,-9999
20100319,20100325,25.234,1.0,386.781,160.088,0.520833,408.945,0.0,9.897,1.0,99.605,1.0,26.688,0.0,2.701,0.988095,0.357928186141,0.993055555556,85.7207069375,1.0,-9999,-9999,431.731,1.0,-9999,1.0,95.0036,0.97619,-9999,1.75813,-10.2461,0.97619,-9999,1.17766,-0.54763,0.821429,0.338168,-0.712051,-0.673021,-0.596719,0.833333,0.83631,0.821429,14.3851,14.627,15.4492,15.7522,15.4953,15.3036,16.0477,16.4127,3.00965,2.9836,3.01489,3.03677,5.7633,5.64797,5.74945,5.76635,-9999,-9999
20100326,20100401,26.291,1.0,369.156,188.425,0.520833,391.989,0.0,11.57,1.0,99.83,1.0,2.393,0.0,2.387,1.0,0.308646413194,1.0,146.736291007,1.0,-9999,-9999,427.388,1.0,-9999,1.0,98.4109,0.985119,-9999,1.86168,-8.28866,0.985119,-9999,1.11815,-0.665081,0.767857,0.324739,-0.559999,-0.47726,-0.398365,0.732143,0.800595,0.782738,15.6194,15.6154,15.7052,15.8722,16.037,16.0042,16.182,16.4115,3.29369,3.26517,3.29942,3.32336,6.27194,6.05396,6.25557,6.27431,-9999,-9999
20100402,20100408,20.682,1.0,351.378,204.869,0.532738,354.601,0.0,8.019,1.0,100.454,1.0,1.859,0.0,3.142,1.0,0.433652805556,1.0,106.122070201,1.0,-9999,-9999,418.565,1.0,-9999,1.0,86.7361,1.0,-9999,1.4309,2.35465,1.0,-9999,1.19489,-2.23134,0.901786,0.27034,-2.37906,-2.25162,-2.19642,0.940476,0.904762,0.901786,10.9823,10.6247,10.7159,11.0711,13.1126,12.8486,12.9661,13.4854,2.15047,2.13185,2.15421,2.16984,7.15192,6.87842,7.13951,7.15575,-9999,-9999
20100409,20100415,21.42,1.0,333.742,189.466,0.559524,354.233,0.0,10.833,1.0,100.372,1.0,1.091,0.0,2.293,0.994048,0.296187145833,1.0,113.753030029,0.993055555556,-9999,-9999,409.594,1.0,-9999,1.0,78.8755,1.0,-9999,0.784246,-8.31384,1.0,-9999,1.29604,-1.03088,0.761905,0.253108,-1.07448,-1.02325,-0.905065,0.791667,0.702381,0.886905,11.6187,10.1134,10.6099,11.5027,12.1776,11.2037,11.6331,12.3821,2.28455,2.26477,2.28853,2.30514,6.17701,5.94583,6.16109,6.17932,-9999,-9999
20100416,20100422,23.894,1.0,316.55,122.901,0.5625,391.594,0.0,11.651,1.0,99.717,1.0,14.461,0.0,2.773,0.997024,0.341405800497,0.989583333333,73.8508917222,1.0,-9999,-9999,413.361,1.0,-9999,1.0,69.826,0.949405,-9999,0.913596,-20.4555,0.940476,-9999,1.06119,3.07206,0.776786,0.252593,2.94122,2.97537,3.04262,0.818452,0.85119,0.776786,12.7792,12.6209,12.8098,13.0442,9.67018,9.66531,9.84134,9.99144,2.77423,2.75021,2.77906,2.79923,4.17781,4.14791,4.17781,4.18083,-9999,-9999
20100423,20100429,17.823,1.0,300.105,144.83,0.5625,342.893,0.0,6.399,1.0,100.294,1.0,3.679,0.0,2.547,0.979167,0.321620690657,0.986111111111,68.2794205208,1.0,-9999,-9999,438.066,1.0,-9999,1.0,74.2129,0.9375,-9999,0.78804,2.6081,0.9375,-9999,0.911411,-2.36679,0.77381,0.290338,-2.63092,-2.53909,-2.08622,0.747024,0.78869,0.818452,8.87937,8.04692,8.0705,8.87937,10.9537,10.4631,10.6723,10.7219,1.60228,1.58841,1.60507,1.61672,5.63754,5.60265,5.63754,5.64328,-9999,-9999
20100430,20100506,18.867,1.0,284.704,144.84,0.5625,341.109,0.0,7.009,1.0,100.023,0.988095,0.876,0.0,2.109,0.991071,0.260075113657,0.989583333333,53.287027059,1.0,-9999,-9999,428.142,1.0,-9999,1.0,52.184,0.949405,-9999,0.883232,-8.86814,0.949405,-9999,0.797163,-1.35004,0.654762,0.292403,-1.56751,-1.3593,-1.03693,0.672619,0.660714,0.732143,8.89863,7.91509,8.05491,8.9154,9.95233,9.3529,9.57732,9.95233,1.76628,1.75099,1.76936,1.7822,5.65484,5.63019,5.65484,5.6625,-9999,-9999
20100507,20100513,14.789,1.0,270.629,126.63,0.5625,331.434,0.0,4.771,1.0,100.77,1.0,0.706,0.0,2.738,1.0,0.338617607639,1.0,64.0297604896,1.0,-9999,-9999,450.95,1.0,-9999,1.0,61.9954,0.967262,-9999,0.900646,3.08122,0.967262,-9999,0.846478,-2.36454,0.8125,0.258991,-2.39704,-2.18931,-1.93549,0.818452,0.824405,0.818452,5.57627,3.61791,3.81989,5.57829,6.94901,5.94671,6.06617,7.4213,1.19998,1.18959,1.20207,1.21079,5.30379,5.2839,5.30699,5.31802,-9999,-9999
20100514,20100520,17.368,1.0,258.145,83.459,0.583333,361.836,0.0,6.393,0.991071,100.07,1.0,5.682,0.0,2.404,1.0,0.373460107639,1.0,30.360315934,1.0,-9999,-9999,429.428,1.0,-9999,1.0,42.3385,0.922619,-9999,0.920495,-8.65809,0.922619,-9999,0.919884,1.64751,0.642857,0.248011,1.64851,1.71674,1.87537,0.64881,0.654762,0.782738,8.82519,8.0762,8.1895,8.74437,6.51974,6.43008,6.55452,6.84896,1.51666,1.50353,1.5193,1.53033,3.63326,3.61852,3.63494,3.64418,-9999,-9999
20100521,20100527,17.766,1.0,247.489,106.799,0.58631,351.748,0.0,5.226,1.0,100.307,1.0,6.226,0.0,2.221,0.994048,0.283831826389,1.0,44.5875683021,1.0,-9999,-9999,425.741,1.0,-9999,1.0,47.1603,0.970238,-9999,0.987565,-10.934,0.970238,-9999,1.0207,-0.096961,0.8125,0.231337,0.234945,0.300866,0.412445,0.818452,0.818452,0.860119,9.9334,9.90196,10.1843,10.3658,9.51313,9.4889,9.9504,10.1687,1.60098,1.58712,1.60377,1.61541,4.53143,4.51409,4.53356,4.54399,-9999,-9999
20100528,20100603,15.329,1.0,238.862,110.192,0.604167,335.347,0.0,4.299,1.0,100.6,0.997024,1.231,0.0,2.488,0.997024,0.351866471483,0.996527777778,32.1026836701,1.0,-9999,-9999,415.466,1.0,-9999,1.0,52.11,0.994048,-9999,1.01818,-14.6029,0.994048,-9999,0.962715,-0.884325,0.839286,0.214248,-1.02961,-0.930778,-0.830533,0.877976,0.830357,0.889881,6.71949,5.83798,5.96401,6.8378,7.54704,6.78666,6.91139,7.56016,1.26559,1.25463,1.26779,1.27699,4.68608,4.6682,4.68842,4.69911,-9999,-9999
20100604,20100610,13.404,1.0,232.427,135.044,0.604167,301.18,0.0,4.755,0.970238,100.846,0.916667,0.431,0.0,2.433,0.922619,0.297847914815,0.989583333333,48.6718584062,1.0,-9999,-9999,438.94,0.970238,-9999,1.0,54.6747,0.925595,-9999,1.04878,-4.67816,0.925595,-9999,1.12489,-2.33016,0.782738,0.175502,-2.31916,-2.08039,-2.02577,0.785714,0.803571,0.797619,7.03914,6.30542,6.61772,7.04012,9.11241,8.60176,8.69905,9.1393,1.03233,1.02339,1.03413,1.04163,5.53278,5.51276,5.53628,5.54558,-9999,-9999
20100611,20100617,16.439,0.875,228.304,98.839,0.604167,357.702,0.0,4.623,0.794643,100.141,0.497024,6.696,0.0,2.567,0.508929,-9999,-9999,8.19336078819,1.0,-9999,-9999,412.945,0.794643,-9999,1.0,45.9173,0.779762,-9999,1.22511,-36.6544,0.779762,-9999,1.60279,2.57134,0.657738,0.206001,2.59973,3.05237,3.13892,0.666667,0.717262,0.720238,10.3045,10.1204,10.5624,10.7041,7.03858,6.92095,7.61871,8.02721,1.4323,1.41989,1.43479,1.4452,4.27534,4.25861,4.27725,4.28771,-9999,-9999
20100618,20100624,17.818,0.714286,226.562,90.822,0.604167,341.052,0.0,5.257,0.651786,99.937,0.232143,7.503,0.0,2.433,0.244048,-9999,-9999,49.4184035486,1.0,-9999,-9999,421.055,0.651786,-9999,1.0,22.5361,0.651786,-9999,0.991863,-11.6677,0.651786,-9999,1.04867,1.88065,0.58631,0.155731,1.90955,1.98535,2.1109,0.58631,0.592262,0.607143,8.25795,7.92455,8.46223,8.62185,5.64118,5.41596,6.54708,6.71985,1.63378,1.61964,1.63663,1.6485,3.95712,3.94134,3.95893,3.9689,-9999,-9999
20100625,20100701,18.674,0.741071,227.227,88.664,0.604167,368.681,0.0,6.458,0.741071,100.443,0.372024,4.954,0.0,2.207,0.372024,-9999,-9999,35.6070886314,0.996527777778,-9999,-9999,416.776,0.741071,-9999,1.0,28.3649,0.714286,-9999,1.02257,-22.6096,0.714286,-9999,1.37217,3.3824,0.625,0.271298,2.88763,2.97031,3.27497,0.66369,0.642857,0.625,8.53676,8.39823,8.53676,8.91232,5.85139,5.36936,5.63655,5.83522,1.72008,1.70519,1.72307,1.73558,3.85561,3.83994,3.85738,3.86702,-9999,-9999
20100702,20100708,21.189,1.0,230.271,126.535,0.604167,351.883,0.0,8.726,0.997024,100.032,0.985119,1.217,0.0,3.224,0.982143,0.437395473801,0.986111111111,24.6170495451,1.0,-9999,-9999,402.63,0.997024,-9999,1.0,91.2183,0.997024,-9999,1.43398,-60.4059,0.997024,-9999,1.88591,4.02077,0.928571,0.253266,3.51444,3.91851,4.02077,0.979167,0.946429,0.928571,11.2842,11.3473,12.3792,12.7671,8.08174,7.81401,8.50765,8.73106,2.19655,2.17753,2.20037,2.21634,4.90911,4.88827,4.90911,4.91872,-9999,-9999
20100709,20100715,12.971,1.0,235.624,100.34,0.598214,316.629,0.0,4.71,0.991071,100.547,1.0,9.488,0.0,2.334,0.991071,0.318238949769,0.989583333333,32.5858431042,1.0,-9999,-9999,421.186,1.0,-9999,1.0,54.6831,0.907738,-9999,1.10114,-1.02372,0.907738,-9999,1.40094,-1.029,0.818452,0.17946,-1.029,-0.944698,-0.851356,0.818452,0.821429,0.854167,4.93517,4.4205,4.43264,4.89361,5.69171,5.37081,5.46384,5.71832,1.08883,1.0794,1.09072,1.09864,4.25255,4.23627,4.25454,4.26437,-9999,-9999
20100716,20100722,8.981,1.0,243.166,76.077,0.583333,319.276,0.0,3.429,0.886905,100.826,0.943452,16.903,0.0,2.742,0.931548,0.410330918693,0.920138888889,117.808835625,1.0,-9999,-9999,521.368,0.988095,-9999,1.0,58.0489,0.776786,-9999,1.10048,0.147764,0.776786,-9999,1.20813,-2.96667,0.75,0.100693,-3.08673,-3.04179,-2.98181,0.75,0.75,0.755952,2.87185,2.87251,2.9343,2.98705,5.89756,5.94104,5.97653,6.01059,0.599468,0.594277,0.600511,0.604869,3.22774,3.21536,3.22927,3.23684,-9999,-9999
20100723,20100729,13.101,0.904762,252.74,129.527,0.583333,312.831,0.0,4.508,0.842262,100.615,0.690476,3.198,0.0,2.112,0.699405,0.253654109898,0.8125,78.1025317639,1.0,-9999,-9999,468.714,0.842262,-9999,1.0,55.5928,0.758929,-9999,0.960148,-7.78781,0.761905,-9999,1.16416,-3.27446,0.64881,0.0865703,-3.351,-3.18386,-2.77561,0.651786,0.654762,0.669643,5.41945,5.31251,6.53399,6.91805,8.32106,8.04704,9.79507,10.1343,1.05048,1.04138,1.0523,1.05994,5.22188,5.20327,5.22188,5.23354,-9999,-9999
20100730,20100805,11.564,0.535714,264.149,146.023,0.577381,291.315,0.0,5.019,0.535714,100.865,0.0,1.641,0.0,3.242,0.0,-9999,-9999,128.83992809,1.0,-9999,-9999,545.761,0.535714,-9999,1.0,49.2127,0.535714,-9999,0.982481,-11.2913,0.535714,-9999,1.07373,-3.44074,0.318452,0.0715376,-3.41949,-3.26941,-2.72838,0.318452,0.119048,0.535714,5.63615,5.60109,5.74441,6.53143,8.43145,8.32473,9.08723,9.95091,0.861938,0.854476,0.863438,0.869704,5.7602,5.72652,5.7602,5.76654,-9999,-9999
20100806,20100812,11.823,0.595238,277.168,143.484,0.5625,317.147,0.0,4.457,0.589286,100.485,0.10119,1.744,0.0,2.577,0.14881,-9999,-9999,139.827595243,1.0,-9999,-9999,556.774,0.595238,-9999,1.0,57.4501,0.568452,-9999,1.03789,-15.5751,0.568452,-9999,1.20511,-3.91276,0.541667,0.130668,-3.82365,-3.45733,-3.13107,0.541667,0.541667,0.541667,7.32446,6.95432,7.14486,7.62165,10.5094,10.0368,10.5094,11.4453,0.955068,0.946799,0.95673,0.963673,5.75937,5.73871,5.75937,5.77212,-9999,-9999
20100813,20100819,13.893,0.4375,291.549,154.864,0.5625,319.781,0.0,5.069,0.4375,100.791,0.0178571,0.046,0.0,2.611,0.0208333,-9999,-9999,101.990458194,1.0,-9999,-9999,423.383,0.4375,-9999,1.0,59.4678,0.431548,-9999,-9999,-25.8987,0.431548,-9999,-9999,-3.47228,0.324405,-9999,-3.47228,-3.30851,-3.01418,0.324405,0.33631,0.33631,8.28878,6.68382,8.09524,8.93376,11.577,9.50457,11.5216,12.2272,1.14069,1.13082,1.14268,1.15097,6.04874,6.00585,6.04874,6.05512,-9999,-9999
20100820,20100826,23.393,0.401786,307.027,177.782,0.5625,360.298,0.0,11.668,0.401786,99.922,0.0,0.101,0.0,2.295,0.0,-9999,-9999,153.472269604,1.0,-9999,-9999,417.825,0.401786,-9999,1.0,65.6669,0.39881,-9999,-9999,-34.2427,0.39881,-9999,-9999,-2.31505,0.0,-9999,-2.69701,-2.36175,-2.06485,0.0,0.0,0.377976,13.9917,9.79552,14.8054,17.1742,15.7816,11.1084,16.1006,19.8116,2.63356,2.61075,2.63814,2.65728,6.43627,6.27701,6.42212,6.43971,-9999,-9999
20100827,20100902,24.682,0.577381,323.331,121.665,0.5625,390.927,0.0,12.037,0.574405,99.783,0.122024,8.723,0.0,2.092,0.119048,-9999,-9999,161.611674135,0.989583333333,-9999,-9999,419.422,0.577381,-9999,1.0,63.9855,0.568452,-9999,-9999,-30.5703,0.568452,-9999,-9999,-2.17934,0.00297619,-9999,-2.31921,-2.16791,-1.87163,0.00595238,0.00297619,0.553571,14.173,9.24788,15.4063,18.0765,15.9274,9.38369,16.369,20.4375,2.88036,2.85542,2.88537,2.90631,4.85948,4.83939,4.86022,4.87101,-9999,-9999
20100903,20100909,19.121,0.184524,340.186,189.376,0.547619,327.284,0.0,8.95,0.184524,100.617,0.0,0.841,0.0,2.245,0.0,-9999,-9999,198.155171076,1.0,-9999,-9999,419.647,0.184524,-9999,1.0,65.8549,0.395833,-9999,-9999,-13.7978,0.392857,-9999,-9999,-1.86014,0.0,-9999,-2.18882,-1.86014,-1.79951,0.154762,0.0,0.0,9.95744,7.38587,11.1006,12.5343,11.5823,8.70603,12.6614,14.3987,1.86483,1.84869,1.86808,1.88164,6.9494,6.75227,6.94315,6.95501,-9999,-9999
20100910,20100916,18.86,0.0,357.321,140.277,0.52381,359.546,0.0,6.7,0.0,99.855,0.0,10.14,0.0,2.289,0.0,-9999,-9999,170.321611622,1.0,-9999,-9999,430.798,0.0,-9999,1.0,61.5742,0.702381,-9999,0.869482,-8.03344,0.702381,-9999,1.14651,-2.06905,0.0,0.129999,-2.42257,-2.17981,-2.09909,0.0,0.0,0.0,9.25511,7.70331,10.62,12.0039,12.861,9.88312,12.7608,14.1998,1.80543,1.78979,1.80857,1.82169,5.40394,5.3838,5.40394,5.41525,-9999,-9999
20100917,20100923,19.858,0.446429,374.469,171.673,0.520833,353.797,0.0,5.028,0.446429,99.886,0.0,6.566,0.0,2.414,0.0,-9999,-9999,154.68528184,1.0,-9999,-9999,445.544,0.446429,-9999,1.0,90.923,0.916667,-9999,0.955168,-10.8909,0.922619,-9999,1.13577,-2.53726,0.407738,0.133857,-2.72376,-2.64052,-2.56052,0.419643,0.41369,0.410714,9.14255,8.59828,10.9094,12.3693,13.7144,11.2967,13.608,15.0098,1.93006,1.91335,1.93342,1.94745,6.36355,6.25338,6.35571,6.36787,-9999,-9999
20100924,20100930,19.979,1.0,391.376,232.134,0.517857,342.418,0.0,4.322,1.0,99.707,0.973214,0.122,0.0,2.405,0.973214,0.39466228953,0.96875,146.119505486,1.0,-9999,-9999,412.54,1.0,-9999,1.0,104.604,0.991071,-9999,1.42022,4.65564,0.991071,-9999,1.27305,-2.71548,0.875,0.139353,-2.77671,-2.71548,-2.70059,0.931548,0.875,0.89881,8.9005,8.78294,10.1962,10.6095,12.2232,11.5674,12.889,13.3249,1.98381,1.96663,1.98726,2.00168,8.20397,7.82135,8.20212,8.20944,-9999,-9999
20101001,20101007,17.823,1.0,407.798,226.537,0.5,335.859,0.0,4.754,1.0,100.153,1.0,9.004,0.0,2.789,0.988095,0.38168699031,0.982638888889,123.415797465,1.0,-9999,-9999,421.993,1.0,-9999,1.0,108.829,0.988095,-9999,1.60051,0.340382,0.988095,-9999,1.44963,-4.59631,0.839286,0.160551,-4.62707,-4.60638,-4.55394,0.845238,0.872024,0.815476,6.74229,6.85208,7.01275,7.15109,11.249,11.37,11.6425,11.786,1.64569,1.63144,1.64855,1.66051,8.06463,7.72035,8.06233,8.07035,-9999,-9999
20101008,20101014,19.711,1.0,423.506,235.102,0.5,349.82,0.0,6.378,1.0,100.324,1.0,1.264,0.0,2.881,1.0,0.484694052083,1.0,147.731538816,1.0,-9999,-9999,414.485,1.0,-9999,1.0,119.421,0.97619,-9999,1.63241,1.64477,0.97619,-9999,1.57902,-2.79129,0.869048,0.143886,-2.98661,-2.89102,-2.82109,0.895833,0.869048,0.869048,9.1566,9.15489,9.91592,10.0234,12.2851,12.1253,12.7629,12.8568,1.95183,1.93494,1.95523,1.96942,8.05109,7.67874,8.04395,8.05563,-9999,-9999
20101015,20101021,21.356,1.0,438.296,247.935,0.5,353.032,0.0,7.859,1.0,100.031,1.0,0.065,0.0,2.32,0.994048,0.332194382462,0.996527777778,142.29711625,1.0,-9999,-9999,410.178,1.0,-9999,1.0,103.648,1.0,-9999,1.50323,10.4801,1.0,-9999,1.5145,-2.51084,0.818452,0.133095,-2.62826,-2.58515,-2.51084,0.845238,0.824405,0.818452,10.522,10.5011,10.6468,10.8219,13.2191,13.0394,13.2463,13.378,2.27669,2.25698,2.28065,2.2972,8.02773,7.62302,8.01238,8.03036,-9999,-9999
20101022,20101028,21.399,1.0,451.984,241.95,0.5,354.562,0.0,7.824,1.0,99.762,1.0,0.495,0.0,2.141,0.997024,0.302920375,1.0,152.162629771,1.0,-9999,-9999,411.738,1.0,-9999,1.0,101.955,0.997024,-9999,1.03593,19.4085,0.997024,-9999,1.46963,-2.80174,0.75,0.145831,-2.70853,-2.63395,-2.6106,0.875,0.803571,0.803571,10.6502,10.4904,10.8132,10.9106,13.3653,13.1407,13.4299,13.5185,2.25114,2.23165,2.25506,2.27142,7.84482,7.44097,7.83094,7.84753,-9999,-9999
20101029,20101104,21.889,1.0,464.418,272.494,0.47619,343.175,0.0,11.448,1.0,99.758,1.0,5.598,0.0,2.304,0.994048,0.394813360058,0.989583333333,169.855862225,0.989583333333,-9999,-9999,425.356,1.0,-9999,1.0,127.994,0.952381,-9999,2.03983,20.0965,0.952381,-9999,1.71115,-1.58105,0.702381,0.183226,-2.01275,-1.7133,-1.56157,0.815476,0.717262,0.71131,10.5532,10.3341,11.6521,12.6023,13.2293,12.2742,13.3322,14.1473,2.36352,2.34305,2.36763,2.38481,7.90792,7.4244,7.88989,7.91055,-9999,-9999
20101105,20101111,21.583,1.0,475.477,278.738,0.458333,341.863,0.0,11.468,0.988095,99.843,1.0,0.447,0.0,2.804,0.994048,0.457812992452,0.993055555556,163.789143924,1.0,-9999,-9999,425.75,1.0,-9999,1.0,133.504,0.955357,-9999,2.27234,38.5678,0.955357,-9999,1.8381,-2.68074,0.797619,0.191734,-2.68075,-2.61587,-2.55085,0.797619,0.806548,0.854167,10.269,10.2949,11.1216,12.0699,13.2765,12.8635,13.6612,14.7481,2.37777,2.35718,2.38191,2.39919,8.05881,7.58188,8.04027,8.06152,-9999,-9999
20101112,20101118,21.696,1.0,485.072,336.47,0.747024,335.526,0.0,11.221,1.0,99.895,1.0,0.0,0.0,2.418,1.0,0.378313892361,1.0,200.143981309,1.0,-9999,-9999,412.839,1.0,-9999,1.0,98.0689,1.0,-9999,2.11116,45.9345,1.0,-9999,1.71498,-2.23366,0.922619,0.183504,-2.40933,-2.33485,-2.3229,0.949405,0.940476,0.946429,10.6554,10.6472,12.4073,12.7959,13.8068,13.0762,14.735,15.1266,1.97261,1.95001,1.99166,2.97467,8.4297,8.3663,8.42268,8.4919,-9999,-9999
20101119,20101125,23.766,1.0,493.143,282.054,1.0,383.483,0.0,10.378,1.0,99.405,1.0,10.955,0.0,2.377,1.0,0.376524402778,1.0,144.052335174,1.0,512.079861111,1.0,434.614,1.0,-9999,1.0,88.4974,1.0,-9999,2.07139,31.5074,1.0,-9999,1.67132,0.892715,0.934524,0.221242,0.371321,0.780198,0.813613,0.967262,0.934524,0.955357,11.5987,11.5652,13.4299,14.0454,11.4819,11.0716,12.5635,13.2368,4.49831,4.49831,4.54788,6.51068,7.73418,7.50705,7.60978,8.68716,-9999,-9999
20101126,20101202,25.335,1.0,499.658,314.181,1.0,372.175,0.0,13.499,1.0,99.37,1.0,3.039,0.0,2.363,0.979167,0.348009559028,1.0,171.40922578,0.993055555556,595.496527778,1.0,432.185,1.0,-9999,1.0,94.8716,0.997024,-9999,2.34322,32.583,0.997024,-9999,1.72886,2.03406,0.922619,0.24414,1.62843,2.03406,2.22408,0.955357,0.922619,0.916667,14.7726,14.5908,16.6302,17.3983,13.366,13.0177,14.6074,15.2053,6.79404,7.32113,8.16641,11.0363,12.1981,8.53735,9.10964,10.5183,-9999,-9999
20101203,20101209,26.232,1.0,504.597,268.89,1.0,394.746,0.0,12.605,1.0,99.327,1.0,9.0,0.0,2.147,1.0,0.370923927083,1.0,134.763553514,1.0,484.267361111,1.0,444.671,1.0,-9999,1.0,97.4153,0.997024,-9999,2.49348,14.495,0.997024,-9999,1.60366,2.92528,0.970238,0.250104,3.01171,3.09409,3.15865,0.970238,0.97619,0.982143,16.1511,15.9439,16.9201,17.0968,13.4424,12.8718,13.6258,14.0756,7.51848,9.85774,10.5518,11.6778,11.5329,9.49732,9.96646,10.4027,-9999,-9999
20101210,20101216,22.73,1.0,507.955,262.985,1.0,374.28,0.0,11.497,1.0,99.419,1.0,3.421,0.0,2.615,1.0,0.474597211806,0.965277777778,134.192925854,1.0,482.826388889,1.0,468.973,1.0,-9999,1.0,107.027,1.0,-9999,2.63397,7.88699,1.0,-9999,1.55516,2.68308,0.967262,0.25825,2.68653,2.73882,2.80008,0.988095,0.997024,0.985119,14.9366,14.853,15.1733,15.2131,12.3823,12.1312,12.3823,12.4764,8.71366,6.87598,8.147,9.84597,9.65457,8.33174,8.77867,9.63792,-9999,-9999
20101217,20101223,27.339,1.0,509.724,274.979,1.0,401.346,0.0,12.616,1.0,99.456,1.0,3.777,0.0,1.891,1.0,0.304586603563,0.993055555556,149.382151903,1.0,504.381944444,1.0,451.722,1.0,-9999,1.0,113.259,0.988095,-9999,2.8299,2.93193,0.988095,-9999,1.36829,1.88909,0.889881,0.253698,1.76473,1.9753,2.26775,0.904762,0.886905,0.907738,20.2161,19.8462,20.1669,20.3441,17.5667,17.5667,18.1146,18.6116,6.20078,5.32223,5.74073,6.82393,8.79721,8.74008,8.95112,9.28206,-9999,-9999
20101224,20101231,27.192,1.0,509.825,316.565,0.648438,386.518,0.0,13.799,1.0,99.318,1.0,4.195,0.0,2.46,1.0,0.408906988613,0.994047619048,212.896278051,1.0,-9999,-9999,425.827,1.0,-9999,1.0,152.431,0.997396,-9999,2.92887,-5.41667,0.997396,-9999,1.24776,-1.98557,0.927083,0.271973,-1.98557,-1.92418,-1.70519,0.927083,0.929688,0.96875,17.1069,17.0761,17.5311,17.7893,18.7596,18.5553,19.4391,19.8208,5.20287,1.94605,3.66836,5.20287,9.36764,9.02961,9.86414,10.2948,-9999,-9999
20110101,20110107,27.022,1.0,508.113,249.567,0.4375,399.249,0.0,11.721,0.979167,99.32,1.0,4.777,0.0,1.758,0.985119,0.284587122736,0.993055555556,191.296240764,1.0,-9999,-9999,438.754,1.0,-9999,1.0,132.619,0.97619,-9999,3.17394,11.5062,0.97619,-9999,1.18489,-3.34986,0.708333,0.283274,-3.36011,-2.97333,-2.41425,0.705357,0.755952,0.797619,13.6628,12.9852,13.3549,14.3377,15.7935,15.6101,16.0815,17.8307,8.13213,7.91863,8.62457,9.04828,8.11945,7.685,7.97114,8.11945,-9999,-9999
20110108,20110114,28.496,1.0,504.801,269.399,0.458333,404.297,0.0,14.743,1.0,99.21,1.0,3.395,0.0,1.599,0.994048,0.282575395833,1.0,178.452267986,1.0,-9999,-9999,443.676,1.0,-9999,1.0,120.305,0.979167,-9999,2.01604,12.4304,0.979167,-9999,1.03972,-1.42985,0.72619,0.301105,-1.56612,-1.42963,-1.31936,0.738095,0.764881,0.72619,11.3236,10.55,11.3236,11.9288,12.5293,12.0989,12.8045,13.1982,8.24503,8.02856,8.7443,9.1739,7.05103,6.4685,6.89518,7.05103,-9999,-9999
20110115,20110121,28.603,1.0,499.83,278.014,0.458333,408.474,0.0,15.207,0.997024,99.295,0.994048,0.711,0.0,2.327,0.991071,0.363499132913,0.982638888889,191.693914549,1.0,-9999,-9999,438.642,1.0,-9999,1.0,133.233,0.979167,-9999,1.121,13.98,0.967262,-9999,1.05522,0.279986,0.833333,0.351434,0.157415,0.252549,0.315705,0.866071,0.854167,0.85119,14.3252,14.3942,14.7232,15.104,14.1667,14.2182,14.3962,14.8473,8.25068,8.03406,8.75029,9.18019,6.91534,6.35117,6.76379,6.91534,-9999,-9999
20110122,20110128,28.571,1.0,493.186,254.899,0.458333,412.227,0.0,13.329,1.0,99.624,0.991071,6.477,0.0,1.908,0.988095,0.345690152023,0.993055555556,186.6249015,0.996527777778,-9999,-9999,439.915,1.0,-9999,1.0,103.173,0.988095,-9999,1.07376,18.7104,0.985119,-9999,0.939436,0.622342,0.791667,0.343015,0.563892,0.739685,1.19676,0.797619,0.85119,0.889881,13.6527,12.6293,12.7458,14.0084,12.5142,11.8796,12.1876,12.7345,8.24957,8.03299,8.74913,9.17896,7.33822,6.86901,7.19402,7.33822,-9999,-9999
20110129,20110204,28.545,1.0,484.87,234.025,0.458333,412.676,0.0,12.409,1.0,99.629,0.973214,6.839,0.0,2.031,1.0,0.33532709375,1.0,152.130188656,0.989583333333,-9999,-9999,456.266,1.0,-9999,1.0,111.953,0.96131,-9999,1.0658,8.70702,0.96131,-9999,0.977199,1.59081,0.741071,0.341124,1.53845,1.66406,1.82177,0.75,0.761905,0.797619,17.4325,18.1327,19.0568,19.2102,15.7207,16.4448,17.246,17.6132,8.24881,8.03224,8.74831,9.17811,7.89217,7.43155,7.74454,7.89217,-9999,-9999
20110205,20110211,26.905,0.991071,474.911,182.699,0.458333,414.213,0.0,11.02,0.991071,99.448,0.982143,6.616,0.0,1.985,1.0,0.383617366623,0.975694444444,112.525854541,0.993055555556,-9999,-9999,468.497,1.0,-9999,1.0,109.791,0.910714,-9999,1.15262,4.0851,0.910714,-9999,1.05775,0.28915,0.776786,0.328092,0.270921,0.293964,0.342598,0.758929,0.78869,0.821429,16.2231,16.0728,16.293,16.3732,15.8551,15.7801,16.0095,16.1254,8.12663,7.91327,8.61873,9.04216,8.06844,7.79365,7.94341,8.09073,-9999,-9999
20110212,20110218,27.155,1.0,463.37,247.575,0.494048,396.803,0.0,12.961,1.0,99.792,1.0,4.479,0.0,2.415,1.0,0.41465418883,0.996527777778,170.033694646,1.0,-9999,-9999,456.961,1.0,-9999,1.0,146.039,0.955357,-9999,1.1837,-3.67555,0.967262,-9999,1.16399,0.605564,0.892857,0.315344,-0.13094,0.40094,0.601525,0.931548,0.830357,0.889881,14.6413,14.4693,14.9177,15.2638,14.6252,14.5452,14.6252,14.7403,8.14313,7.92934,8.63624,9.06053,7.64339,7.16086,7.49709,7.64339,-9999,-9999
20110219,20110225,26.808,0.818452,450.346,189.938,0.5,411.006,0.0,12.597,0.794643,99.609,0.598214,8.388,0.0,1.71,0.639881,0.330953936935,0.621527777778,93.4044159887,0.645833333333,-9999,-9999,522.993,0.818452,-9999,1.0,126.653,0.770833,-9999,1.17913,-4.25891,0.770833,-9999,1.0422,1.19903,0.574405,0.332835,0.052986,0.49494,0.864584,0.66369,0.642857,0.619048,20.5512,20.1639,20.8807,21.3102,20.2854,19.6444,20.289,20.4869,8.121,7.90779,8.61276,9.0359,8.40313,8.19446,8.28156,8.45774,-9999,-9999
20110226,20110304,24.963,0.526786,435.979,244.556,0.5,383.946,0.0,11.167,0.520833,99.826,0.119048,0.017,0.0,2.764,0.125,-9999,-9999,-9999,-9999,-9999,-9999,513.218,0.526786,-9999,1.0,125.447,0.52381,-9999,1.18906,5.33779,0.52381,-9999,0.901984,0.336651,0.306548,0.346522,-1.70912,-1.54274,-1.41319,0.5,0.5,0.508929,19.3593,18.2866,19.7466,19.9394,20.9015,18.321,20.902,21.213,7.97501,7.76563,8.45794,8.87347,9.0806,8.69635,8.93451,9.0806,-9999,-9999
20110305,20110311,25.98,0.0982143,420.448,244.289,0.5,383.255,0.0,12.536,0.0982143,99.674,0.0,0.453,0.0,1.674,0.0,-9999,-9999,-9999,-9999,-9999,-9999,499.332,0.0982143,-9999,1.0,127.262,0.098214,-9999,1.40024,4.67642,0.098214,-9999,1.03287,0.406681,0.0,2.03986,-1.95064,-1.82258,-1.60683,0.077381,0.077381,0.077381,18.7415,18.2447,19.1632,19.7106,20.5619,18.3504,20.5641,20.9873,8.05259,7.84117,8.54021,8.95978,7.80771,7.30222,7.65864,7.80771,-9999,-9999
20110312,20110318,24.517,0.0,403.967,260.772,0.815476,371.207,0.0,12.42,0.0,99.73,0.0,3.242,0.0,2.295,0.0,-9999,-9999,-9999,-9999,-9999,-9999,505.114,0.0,-9999,1.0,122.2,0.0,-9999,4.21937,5.04547,0.0,-9999,3.49471,1.4773,0.0,-9999,-1.07669,-0.952479,-0.812988,0.0,0.0,0.0,16.3558,16.0615,16.8067,17.0735,17.3072,15.5812,17.3083,17.7291,7.93479,7.72647,8.41528,8.82871,8.24537,7.80707,8.10154,8.24537,-9999,-9999
20110319,20110325,24.752,0.0,386.781,272.938,1.0,388.359,0.0,9.716,0.0,99.831,0.0,3.199,0.0,1.95,0.0,-9999,-9999,-9999,-9999,521.517361111,1.0,504.479,0.0,-9999,1.0,122.114,0.0,-9999,-9999,5.47875,0.0,-9999,-9999,1.63684,0.0,-9999,-0.98071,-0.838556,-0.664096,0.0,0.0,0.0,15.1267,15.2665,15.6233,15.9591,15.9637,14.4082,16.2195,16.6739,7.95777,7.74884,8.43965,8.85428,9.63009,9.33863,9.48585,9.64977,-9999,-9999
20110326,20110401,22.988,0.0,369.156,133.202,1.0,404.239,0.0,5.671,0.0,99.795,0.0,10.845,0.0,1.967,0.0,-9999,-9999,-9999,-9999,227.628472222,1.0,445.199,0.0,-9999,1.0,84.1818,0.0,-9999,-9999,-6.36413,0.0,-9999,-9999,0.603654,0.0,-9999,0.254006,0.522599,1.01461,0.0,0.0,0.0,12.794,12.9803,13.3367,13.4437,12.7658,12.553,12.8499,12.9881,7.81855,7.61328,8.292,8.69937,7.43964,7.3984,7.4487,7.51535,-9999,-9999
20110402,20110408,22.483,0.0,351.378,304.257,1.0,350.995,0.0,9.966,0.0,99.942,0.0,0.0,0.0,1.497,0.0,-9999,-9999,-9999,-9999,595.267361111,1.0,422.281,0.0,-9999,1.0,76.2516,0.0,-9999,-9999,-12.6003,0.0,-9999,-9999,0.330607,0.0,-9999,0.0433955,0.330607,1.90342,0.0,0.0,0.0,11.3209,11.5547,11.9224,12.115,11.4536,11.4536,11.6194,11.7826,7.76957,7.56559,8.24005,8.64488,9.71358,9.32174,9.56083,9.71358,-9999,-9999
20110409,20110415,22.713,0.0,333.742,228.581,1.0,378.158,0.0,8.304,0.0,99.816,0.0,5.798,0.0,2.0,0.0,-9999,-9999,-9999,-9999,469.924214976,0.993055555556,423.579,0.0,-9999,1.0,72.0661,0.0,-9999,1.14027,-12.0777,0.0,-9999,2.8413,0.504394,0.0,-9999,0.225056,0.504394,2.13839,0.0,0.0,0.0,10.1471,10.4345,10.7669,11.0512,10.0848,10.2618,10.397,10.6787,7.79241,7.58783,8.26428,8.67029,9.10285,8.88969,8.98472,9.14598,-9999,-9999
20110416,20110422,23.015,0.113095,316.55,142.305,1.0,398.155,0.0,6.781,0.113095,99.908,0.0,6.977,0.0,2.028,0.0,-9999,-9999,-9999,-9999,285.590277778,1.0,422.888,0.113095,-9999,1.0,72.7247,0.113095,-9999,1.30543,-13.0202,0.113095,-9999,0.85884,0.56238,0.0,0.390402,0.332005,0.56238,2.37926,0.0,0.0,0.0446429,9.02637,9.37946,9.77227,10.0673,8.82279,9.09903,9.30737,9.61467,7.81903,7.61375,8.29251,8.69991,7.29848,7.22423,7.28919,7.36698,-9999,-9999
20110423,20110429,20.397,0.669643,300.105,182.539,0.6875,333.695,0.0,6.877,0.669643,100.287,0.232143,7.566,0.0,2.076,0.232143,-9999,-9999,-9999,-9999,-9999,-9999,421.231,0.669643,-9999,1.0,78.3357,0.66369,-9999,1.75573,-13.5007,0.66369,-9999,0.908299,0.925174,0.5,0.283392,0.573562,0.924907,2.03716,0.511905,0.5,0.607143,6.92007,7.45302,7.52309,7.73054,6.45334,6.64553,6.78819,7.05253,7.5944,7.39502,8.05428,8.44998,8.65006,8.48099,8.54989,8.70577,-9999,-9999
20110430,20110506,16.984,1.0,284.704,137.172,0.5625,340.32,0.0,5.162,1.0,100.422,1.0,1.603,0.0,1.821,1.0,0.289321670139,1.0,63.8272149306,1.0,-9999,-9999,421.723,1.0,-9999,1.0,59.218,0.97619,-9999,1.77392,4.19664,0.97619,-9999,0.987493,-0.638908,0.666667,0.195215,-0.951804,-0.776358,-0.632373,0.8125,0.845238,0.666667,7.06372,7.15304,7.24747,7.32902,8.05675,7.90121,7.96194,8.10133,7.28556,7.09428,7.72674,8.10634,7.70957,7.63755,7.70765,7.78751,-9999,-9999
20110507,20110513,21.607,1.0,270.629,104.215,0.5625,374.937,0.0,6.659,0.991071,100.121,1.0,6.478,0.0,2.163,0.979167,0.32152051557,0.96875,52.4605214028,1.0,-9999,-9999,463.419,1.0,-9999,1.0,56.8928,0.979167,-9999,1.43697,-9.2631,0.979167,-9999,1.10293,4.06321,0.782738,0.238568,4.096,4.169,5.48816,0.794643,0.764881,0.869048,13.3472,13.0842,13.2767,13.4073,7.6135,7.63237,8.94302,9.19586,7.69929,7.49715,8.16552,8.56668,6.33472,6.27511,6.33488,6.40514,-9999,-9999
20110514,20110520,17.226,1.0,258.145,119.968,0.583333,339.207,0.0,4.348,1.0,100.424,1.0,1.493,0.0,2.246,1.0,0.32938834375,1.0,52.3373711875,1.0,-9999,-9999,422.277,1.0,-9999,1.0,63.1047,0.943452,-9999,1.26861,-13.3826,0.943452,-9999,1.11989,1.71549,0.800595,0.194957,1.27526,1.54951,1.68891,0.880952,0.839286,0.806548,10.5524,10.3676,11.7821,12.2828,9.10064,9.04984,10.15,10.5447,7.31309,7.12109,7.75594,8.13698,7.09046,7.03184,7.09325,7.16917,-9999,-9999
20110521,20110527,19.599,1.0,247.489,104.095,0.58631,368.915,0.0,5.094,1.0,100.385,1.0,3.061,0.0,2.054,0.997024,0.320595125,1.0,43.9689527847,1.0,-9999,-9999,414.523,1.0,-9999,1.0,58.2103,0.991071,-9999,1.35633,-23.1354,1.0,-9999,1.44591,6.53404,0.857143,0.304829,5.44129,6.08202,6.5302,0.970238,0.904762,0.830357,13.6865,13.6634,15.5275,16.0808,8.07845,8.07845,9.381,9.82532,7.51973,7.32231,7.97509,8.36689,6.26894,6.19271,6.25729,6.3387,-9999,-9999
20110528,20110603,15.65,1.0,238.862,124.163,0.604167,320.068,0.0,3.948,1.0,100.483,1.0,1.296,0.0,1.817,1.0,0.254188041667,1.0,54.0964995347,1.0,-9999,-9999,418.796,1.0,-9999,1.0,49.1281,0.979167,-9999,1.12449,-8.12615,0.979167,-9999,1.11619,0.870932,0.723214,0.253828,0.0798013,0.82658,0.909131,0.854167,0.776786,0.77381,8.30565,8.30565,8.9365,9.34024,8.15288,8.00089,8.27042,8.52531,7.16236,6.97431,7.59607,7.96926,7.32055,7.27259,7.33095,7.39801,-9999,-9999
20110604,20110610,12.076,1.0,232.427,117.73,0.604167,309.449,0.0,2.546,0.994048,100.329,0.988095,2.458,0.0,2.04,1.0,0.335749111574,0.989583333333,36.6018200382,1.0,-9999,-9999,460.237,1.0,-9999,1.0,49.1732,0.97619,-9999,1.04036,-14.4475,0.97619,-9999,1.37407,1.91647,0.85119,0.171577,1.91353,2.02647,2.1267,0.842262,0.857143,0.875,9.05945,8.98722,9.54287,10.5625,6.82353,6.75362,7.50739,8.61219,6.80901,6.63025,7.22133,7.55216,7.10782,7.07532,7.12099,7.18653,-9999,-9999
20110611,20110617,18.032,1.0,228.304,117.595,0.604167,335.77,0.0,5.021,1.0,100.248,1.0,5.029,0.0,2.586,1.0,0.3974105,1.0,62.0716306597,1.0,-9999,-9999,409.718,1.0,-9999,1.0,75.2668,0.997024,-9999,1.28082,-46.8724,0.997024,-9999,1.79674,8.05883,0.934524,0.28286,7.57201,7.98919,8.07241,0.973214,0.970238,0.964286,16.2358,16.0498,17.2296,18.2459,8.63395,8.48363,9.22818,10.2193,7.37831,7.18459,7.8251,8.20954,6.72598,6.64275,6.70529,6.78887,-9999,-9999
20110618,20110624,19.661,1.0,226.562,66.75,0.604167,391.907,0.0,6.86,0.973214,99.852,0.967262,12.039,0.0,2.391,0.96131,0.422972497299,0.916666666667,17.4980667535,1.0,-9999,-9999,520.842,0.997024,-9999,1.0,61.3374,0.877976,-9999,1.26995,-37.1556,0.877976,-9999,1.74032,12.4399,0.848214,0.268891,11.5964,12.3938,12.4643,0.866071,0.782738,0.848214,16.3732,16.2523,17.0022,17.1224,4.5424,4.5424,4.6749,4.74984,7.51844,7.32105,7.97372,8.36546,4.22999,4.16719,4.20875,4.28128,-9999,-9999
20110625,20110701,9.733,1.0,227.227,112.988,0.604167,300.175,0.0,1.761,1.0,100.627,1.0,0.0,0.0,2.276,1.0,0.344107482639,1.0,47.0300783507,1.0,-9999,-9999,436.413,1.0,-9999,1.0,55.2761,0.982143,-9999,1.10173,-1.45179,0.982143,-9999,1.07049,-0.785281,0.830357,0.133427,-1.11548,-0.978197,-0.878523,0.889881,0.916667,0.818452,5.18846,5.05245,5.14265,5.18924,6.30451,5.93523,6.14431,6.27467,6.56935,6.38382,6.94222,7.28633,7.0194,6.98959,7.03536,7.10154,-9999,-9999
20110702,20110708,8.52,1.0,230.271,136.681,0.604167,264.717,0.0,2.388,1.0,100.915,1.0,0.0,0.0,1.732,1.0,0.202854038194,1.0,40.5299866007,1.0,-9999,-9999,401.385,1.0,-9999,1.0,47.0466,0.988095,-9999,1.08376,6.94998,0.994048,-9999,1.1427,-1.75009,0.699405,0.0941883,-1.68874,-1.62955,-1.57015,0.803571,0.782738,0.714286,4.94249,4.31074,4.94455,6.56167,6.57411,5.88101,6.57411,8.07272,6.43993,6.25805,6.80546,7.14279,7.94666,7.90526,7.9546,8.02486,-9999,-9999
20110709,20110715,20.088,1.0,235.624,95.608,0.598214,363.772,0.0,7.667,1.0,99.776,1.0,6.78,0.0,2.289,0.988095,0.297385378019,0.993055555556,43.4851144882,0.993055555556,-9999,-9999,449.375,1.0,-9999,1.0,85.875,0.9375,-9999,1.25171,-51.3663,0.9375,-9999,1.35595,11.1838,0.752976,0.27988,10.1519,10.5712,10.9869,0.815476,0.78869,0.758929,16.4896,15.7944,17.1086,18.9783,6.10503,5.77558,6.73405,8.12944,7.55769,7.35927,8.01534,8.40913,5.20372,5.07727,5.12707,5.25705,-9999,-9999
20110716,20110722,14.848,1.0,243.166,73.204,0.583333,355.04,0.0,3.221,0.952381,100.343,1.0,17.657,0.0,2.505,1.0,0.452242829861,0.993055555556,28.0225774375,1.0,-9999,-9999,450.11,1.0,-9999,1.0,45.7812,0.916667,-9999,1.12498,-0.448647,0.919643,-9999,1.23212,1.22714,0.8125,0.232755,1.21518,1.24784,1.2628,0.854167,0.824405,0.824405,12.1171,11.9329,12.0975,12.3259,10.8569,10.7133,10.8394,11.0486,7.08216,6.89622,7.51102,7.88003,4.77008,4.75378,4.78676,4.82939,-9999,-9999
20110723,20110729,19.246,1.0,252.74,130.638,0.583333,344.471,0.0,6.156,1.0,100.075,1.0,1.935,0.0,2.651,1.0,0.433334170139,1.0,70.389888987,0.993055555556,-9999,-9999,450.273,1.0,-9999,1.0,70.6083,0.973214,-9999,1.15438,-31.5479,0.97619,-9999,1.52042,5.16185,0.889881,0.349766,4.9935,5.17209,5.22489,0.928571,0.922619,0.895833,12.5648,12.5379,12.9788,13.2744,7.36184,7.51942,7.81567,8.00714,7.48068,7.28428,7.93367,8.32345,7.01981,6.88754,6.94591,7.08368,-9999,-9999
20110730,20110805,12.18,0.997024,264.149,107.83,0.577381,316.896,0.0,4.01,0.982143,100.201,0.979167,3.144,0.0,3.13,0.952381,0.579854272412,0.90625,36.9198562847,1.0,-9999,-9999,450.651,0.997024,-9999,1.0,56.3995,0.877976,-9999,1.1575,0.171057,0.889881,-9999,1.41607,-0.0406377,0.77381,0.333154,-0.0529135,-0.0434278,0.0521931,0.77381,0.779762,0.821429,6.93303,6.53818,6.79426,6.93981,6.79328,6.59475,6.77636,6.90034,6.81722,6.63824,7.23004,7.58524,6.35204,6.31492,6.36279,6.42155,-9999,-9999
20110806,20110812,22.306,1.0,277.168,156.982,0.5625,363.87,0.0,9.591,1.0,99.879,1.0,2.389,0.0,2.549,1.0,0.375743774306,1.0,93.8402162371,0.982638888889,-9999,-9999,421.231,1.0,-9999,1.0,73.066,0.991071,-9999,1.35625,-22.2896,0.991071,-9999,1.959,5.50379,0.904762,0.446883,5.34686,5.41474,5.58254,0.907738,0.91369,0.860119,14.3103,14.2394,15.9557,16.3407,8.83796,8.83796,10.3502,10.9009,7.74379,7.54048,8.21271,8.6162,6.39251,6.11994,6.28436,6.39251,-9999,-9999
20110813,20110819,20.268,1.0,291.549,122.502,0.5625,374.985,0.0,7.929,0.991071,99.627,1.0,9.884,0.0,3.275,1.0,0.575256430556,1.0,50.213190191,1.0,-9999,-9999,426.178,1.0,-9999,1.0,64.461,0.967262,-9999,1.27414,-19.2346,0.967262,-9999,1.60164,6.44598,0.910714,0.320251,6.05495,6.21348,6.27051,0.931548,0.916667,0.910714,13.8029,13.6609,14.1678,14.3762,7.66858,7.60313,7.88323,8.01085,7.56944,7.37071,8.02781,8.4222,5.65611,5.5014,5.56915,5.69899,-9999,-9999
20110820,20110826,11.848,1.0,307.027,182.277,0.5625,297.935,0.0,3.511,1.0,100.92,1.0,0.068,0.0,2.227,1.0,0.318863982639,1.0,79.417027615,0.993055555556,-9999,-9999,415.07,1.0,-9999,1.0,48.2375,0.988095,-9999,1.03165,30.714,0.988095,-9999,1.95131,-3.15945,0.919643,0.306425,-3.163,-2.93452,-2.74324,0.919643,0.925595,0.946429,7.64022,7.05113,7.40078,7.65463,10.4646,9.92675,10.2664,10.3969,6.77558,6.59769,7.18587,7.53891,9.48619,9.39708,9.47325,9.55804,-9999,-9999
20110827,20110902,17.668,1.0,323.331,193.03,0.5625,325.687,0.0,7.549,0.997024,100.245,1.0,1.99,0.0,2.948,0.988095,0.489613659873,0.993055555556,95.3730116667,1.0,-9999,-9999,418.328,1.0,-9999,1.0,58.0122,0.991071,-9999,0.847657,22.1078,0.991071,-9999,2.46558,0.641209,0.970238,0.157707,0.588955,0.621489,0.641819,0.991071,0.97619,0.97619,8.68934,8.67888,8.69921,8.7311,8.13315,8.05147,8.09519,8.13315,7.331,7.13853,7.77492,8.1569,8.25902,8.0628,8.14539,8.31646,-9999,-9999
20110903,20110909,18.267,1.0,340.186,162.124,0.854167,336.663,0.0,8.143,1.0,99.893,0.994048,1.771,0.0,3.047,0.997024,0.579921100399,0.996527777778,73.6294401121,0.954861111111,269.247996795,0.590277777778,405.994,1.0,-9999,1.0,80.4592,0.6875,-9999,0.812258,-1.95093,0.684524,-9999,2.46465,1.53453,0.949405,0.154411,1.50693,1.52259,1.57161,0.949405,0.949405,0.949405,8.91077,8.88723,8.94906,9.06279,7.4309,7.31155,7.38632,7.56761,7.03556,6.76656,7.05922,7.25659,6.30647,6.16299,6.27712,6.36192,-9999,-9999
20110910,20110916,20.242,1.0,357.321,197.832,1.0,324.942,0.0,10.261,1.0,100.4,1.0,0.032,0.0,2.561,1.0,0.413685986111,1.0,120.434015778,1.0,393.402777778,1.0,403.818,1.0,-9999,1.0,79.1987,0.110119,-9999,0.812052,4.38017,0.110119,-9999,2.70972,0.907775,0.979167,0.164326,0.93119,0.994114,1.1614,0.979167,0.979167,0.97619,9.60875,9.25916,9.51149,9.56805,8.45981,8.36441,8.43581,8.52205,8.09571,7.01035,7.07519,7.57716,7.63596,7.53979,7.62233,7.78199,-9999,-9999
20110917,20110923,19.058,1.0,374.469,133.631,1.0,354.181,0.0,7.634,1.0,100.302,1.0,6.233,0.0,2.048,0.997024,0.322884050505,0.986111111111,70.4366196243,0.989583333333,233.256944444,1.0,458.296,1.0,-9999,1.0,75.2215,0.0,-9999,2.07602,7.43289,0.0,-9999,8.93144,1.68913,0.967262,0.164082,1.5905,1.6747,1.80045,0.967262,0.967262,0.973214,9.27296,9.24179,9.30484,9.37883,7.53953,7.481,7.63009,7.79001,5.73822,4.83243,5.57479,9.03132,6.03642,5.96428,6.12618,7.69395,-9999,-9999
20110924,20110930,23.048,1.0,391.376,221.531,1.0,351.97,0.0,12.336,1.0,100.123,1.0,0.083,0.0,2.516,1.0,0.386911652778,1.0,146.014675521,1.0,444.211805556,1.0,422.957,1.0,-9999,1.0,81.1456,0.0,-9999,-9999,5.12416,0.0,-9999,-9999,1.49066,0.946429,0.187272,1.54051,1.57015,1.6344,0.946429,0.949405,0.9375,12.6002,12.6176,13.1859,13.6722,11.0709,11.0709,11.4969,12.034,11.1994,9.72522,9.99592,10.9685,9.86027,9.80058,9.93102,10.3917,-9999,-9999
20111001,20111007,21.27,1.0,407.798,193.496,1.0,365.184,0.0,10.002,1.0,99.871,1.0,1.714,0.0,2.748,0.973214,0.406676679924,0.986111111111,107.495827639,1.0,352.659722222,1.0,450.847,1.0,-9999,1.0,78.5496,0.0,-9999,-9999,4.92262,0.0,-9999,-9999,1.38872,0.949405,0.180401,1.39592,1.46208,1.49088,0.955357,0.943452,0.949405,12.1555,12.1641,12.4841,12.6728,10.6471,10.6663,10.9945,11.3084,7.0808,7.45875,7.93922,8.46303,9.51226,8.82228,9.29062,9.34472,-9999,-9999
20111008,20111014,21.508,1.0,423.506,161.938,1.0,377.415,0.0,8.171,1.0,99.469,1.0,14.58,0.0,2.187,0.994048,0.37183732749,0.954861111111,91.1979827708,1.0,306.246527778,1.0,447.922,1.0,-9999,1.0,78.3171,0.0,-9999,-9999,6.4179,0.0,-9999,-9999,1.45651,0.943452,0.177682,1.35134,1.41876,1.47832,0.96131,0.96131,0.943452,10.9151,10.9637,11.219,11.3566,9.50729,9.64074,9.74887,9.92585,1.63434,2.04801,3.08155,7.0452,8.91016,5.8986,6.14663,7.69993,-9999,-9999
20111015,20111021,22.423,1.0,438.296,288.778,1.0,347.528,0.0,10.594,1.0,99.981,1.0,0.0,0.0,2.471,1.0,0.377091545139,1.0,179.336032396,1.0,556.760416667,1.0,414.049,1.0,-9999,1.0,101.294,0.0,-9999,-9999,27.9413,0.0,-9999,-9999,-2.86214,0.97619,0.189723,-2.88268,-2.7689,-2.5043,0.979167,0.988095,0.979167,11.5118,11.5438,11.6384,12.0571,14.0983,14.1001,14.4562,14.8481,6.87469,3.91931,6.53129,6.93176,13.458,10.2372,10.7874,12.2524,-9999,-9999
20111022,20111028,22.6,1.0,451.984,229.999,1.0,367.813,0.0,10.855,1.0,99.755,1.0,3.651,0.0,2.054,0.982143,0.371601004982,0.993055555556,142.903194176,0.986111111111,419.416666667,1.0,436.944,1.0,-9999,1.0,122.108,0.0,-9999,-9999,27.3825,0.0,-9999,-9999,0.0612505,0.958333,0.185914,0.109058,0.228119,0.241718,0.967262,0.973214,0.970238,11.0058,10.9787,11.0763,11.2303,10.7725,10.7946,10.8405,11.1213,6.32402,5.07504,5.20747,6.80985,9.25178,9.18358,9.34919,9.86204,-9999,-9999
20111029,20111104,21.183,1.0,464.418,283.329,1.0,337.637,0.0,10.788,1.0,100.185,1.0,10.694,0.0,2.472,1.0,0.420403121528,1.0,167.847859431,1.0,529.927083333,1.0,424.959,1.0,-9999,1.0,123.491,0.0,-9999,-9999,29.9762,0.0,-9999,-9999,-1.11138,0.982143,0.211487,-1.11138,-0.956732,-0.843557,0.982143,0.982143,0.985119,13.2829,13.187,14.4003,14.8955,14.4638,14.2014,15.2805,15.7587,6.70704,4.11497,6.05777,8.94829,11.2633,10.0564,11.0085,12.1256,-9999,-9999
20111105,20111111,25.764,1.0,475.477,259.338,1.0,386.886,0.0,13.007,1.0,99.678,1.0,3.68,0.0,2.15,0.991071,0.368357548611,1.0,156.733911979,1.0,471.899305556,1.0,435.498,1.0,-9999,1.0,116.811,0.0,-9999,-9999,38.167,0.0,-9999,-9999,1.06022,0.952381,0.255969,1.20678,1.44159,1.59969,0.952381,0.96131,0.979167,18.36,18.2914,19.5289,20.149,16.9138,16.8094,18.1591,18.3979,6.51125,5.61336,6.30406,6.80021,9.88993,9.95779,10.1337,10.4398,-9999,-9999
20111112,20111118,23.063,1.0,485.072,239.657,1.0,370.662,0.0,10.524,1.0,99.745,1.0,2.955,0.0,2.26,0.997024,0.386966947917,1.0,137.660568246,0.986111111111,449.097222222,1.0,428.587,1.0,-9999,1.0,86.7638,0.0,-9999,2.34793,38.5225,0.0,-9999,4.36489,-1.66193,0.967262,0.243513,-1.64824,-1.34369,-1.27447,0.967262,0.949405,0.955357,15.2075,14.8853,15.1239,15.3928,16.48,16.2703,16.5152,16.7417,1.74544,2.12432,4.87308,6.00223,7.81408,8.49123,9.622,10.3766,-9999,-9999
20111119,20111125,24.281,1.0,493.143,249.715,1.0,375.59,0.0,12.843,1.0,99.544,1.0,8.129,0.0,2.003,0.994048,0.358240888889,1.0,137.148178965,1.0,443.993055556,1.0,446.98,1.0,-9999,1.0,82.9773,0.047619,-9999,0.772504,39.803,0.047619,-9999,1.29358,-1.17837,0.919643,0.217553,-0.944843,-0.778965,-0.104467,0.925595,0.946429,0.982143,16.0451,15.5365,15.7628,16.2227,16.1255,15.8498,16.3316,16.9286,2.36196,1.93497,2.36196,2.65132,8.89516,8.59592,8.85835,9.10222,-9999,-9999
20111126,20111202,25.49,1.0,499.658,315.147,0.613095,362.689,0.0,16.355,1.0,99.617,1.0,0.05,0.0,1.969,1.0,0.304098222222,1.0,207.483865556,1.0,-9999,-9999,424.639,1.0,-9999,1.0,122.556,0.550595,-9999,1.0017,51.3232,0.550595,-9999,1.45198,-3.78469,0.770833,0.218394,-3.49327,-3.24377,-3.07523,0.791667,0.800595,0.869048,14.0882,13.818,14.0794,14.6511,17.1747,17.1303,17.3254,18.1638,3.98622,1.97393,2.51865,7.48648,11.4414,10.9888,11.6955,14.3946,-9999,-9999
20111203,20111209,24.087,1.0,504.597,294.633,0.458333,376.572,0.0,10.524,1.0,99.592,1.0,2.38,0.0,1.839,0.994048,0.277282190972,1.0,184.486468061,0.993055555556,-9999,-9999,418.465,1.0,-9999,1.0,118.451,0.994048,-9999,1.18829,20.4955,0.994048,-9999,1.29749,-2.97764,0.735119,0.216296,-2.93612,-2.74436,-2.56712,0.720238,0.791667,0.815476,10.9931,10.8756,11.1236,11.4968,13.5824,13.5288,13.6948,14.1835,3.4563,1.83346,2.44088,7.33403,12.7498,10.7154,12.7498,15.9624,-9999,-9999
20111210,20111216,22.667,1.0,507.955,295.872,0.443452,355.187,0.0,10.927,1.0,99.404,1.0,0.269,0.0,1.928,0.997024,0.323865284722,1.0,202.514248253,1.0,-9999,-9999,416.383,1.0,-9999,1.0,99.8097,1.0,-9999,1.21953,43.893,1.0,-9999,1.48318,-2.99453,0.839286,0.203543,-2.92397,-2.82672,-2.35048,0.842262,0.85119,0.904762,7.59317,7.55792,7.6507,7.7929,9.88523,9.91597,10.52,10.6325,3.11457,1.67416,2.28523,6.83916,12.7095,10.7865,12.7699,15.947,-9999,-9999
20111217,20111223,25.445,1.0,509.724,306.596,0.4375,382.225,0.0,15.879,1.0,99.315,1.0,0.514,0.0,2.549,0.991071,0.410247564764,0.993055555556,207.42464809,1.0,-9999,-9999,427.411,1.0,-9999,1.0,100.066,0.988095,-9999,1.38824,36.9628,0.988095,-9999,1.5593,2.56227,0.761905,0.19411,2.57943,2.66678,2.93666,0.764881,0.764881,0.806548,13.7583,11.4026,12.7631,13.5603,10.5722,8.77242,10.0964,10.5722,3.90679,1.98916,2.60774,8.28261,11.2249,10.7275,11.2372,14.5355,-9999,-9999
20111224,20111231,23.671,1.0,509.825,281.305,0.4375,389.931,0.0,10.125,1.0,99.741,1.0,0.901,0.0,2.447,0.994792,0.416538880047,0.994047619048,183.265579312,1.0,-9999,-9999,424.047,1.0,-9999,1.0,122.905,0.960938,-9999,1.33675,19.1046,0.960938,-9999,1.39321,-0.989547,0.783854,0.261326,-0.921557,-0.766568,-0.527058,0.789062,0.8125,0.867188,9.87477,9.61449,9.67975,9.89507,10.3334,10.3831,10.4968,10.5683,3.35688,1.78451,2.39525,7.17103,12.2916,10.2796,12.3487,15.3852,-9999,-9999
20120101,20120107,24.633,1.0,508.113,325.998,0.4375,368.793,0.0,17.003,1.0,99.583,1.0,0.0,0.0,2.594,1.0,0.391174534722,1.0,213.088085417,1.0,-9999,-9999,406.391,1.0,-9999,1.0,94.8224,1.0,-9999,1.44775,49.1257,1.0,-9999,1.54229,-0.421694,0.907738,0.298421,-0.364212,-0.227512,-0.0896721,0.91369,0.922619,0.949405,10.0723,10.0607,10.1394,10.304,10.3379,10.2724,10.3387,10.4594,6.82764,6.82631,6.95952,7.18419,6.78876,6.58353,6.76263,6.79497,-9999,-9999
20120108,20120114,26.374,1.0,504.801,253.054,0.458333,402.603,0.0,12.995,1.0,99.469,1.0,2.62,0.0,2.628,0.988095,0.492762339372,0.993055555556,171.060352361,1.0,-9999,-9999,413.56,1.0,-9999,1.0,109.938,1.0,-9999,1.74375,40.4386,1.0,-9999,2.17139,1.75904,0.866071,0.336868,1.94869,2.05821,2.17426,0.866071,0.89881,0.910714,11.8526,11.7122,11.8232,11.906,9.66337,9.63085,9.75327,9.84467,6.94731,6.94596,7.0815,7.31011,6.45066,6.07836,6.31923,6.44804,-9999,-9999
20120115,20120121,26.113,1.0,499.83,302.252,0.458333,383.589,0.0,14.711,1.0,99.525,0.994048,1.628,0.0,2.119,0.994048,0.350191427083,1.0,193.762778679,0.986111111111,-9999,-9999,421.806,1.0,-9999,1.0,92.727,0.994048,-9999,1.89779,38.4027,0.994048,-9999,2.32612,4.00271,0.824405,0.214238,3.93714,4.02448,4.19727,0.752976,0.848214,0.854167,13.7811,13.5455,13.6684,13.8417,9.60706,9.48132,9.60706,9.78389,6.92748,6.92614,7.06129,7.28925,6.5427,6.33682,6.51015,6.54871,-9999,-9999
20120122,20120128,25.197,1.0,493.186,273.22,0.907738,390.387,0.0,11.252,1.0,99.597,0.994048,2.18,0.0,2.193,0.997024,0.393401288859,0.996527777778,177.071269931,1.0,581.368821839,0.767361111111,428.087,1.0,-9999,1.0,92.233,0.994048,-9999,1.92041,46.7003,0.994048,-9999,2.44467,3.68052,0.875,0.217611,3.57059,3.67687,3.8452,0.869048,0.863095,0.872024,13.5995,13.1562,13.281,13.4771,9.68063,9.48799,9.60734,9.74737,6.6785,6.67197,6.78316,6.95528,6.65711,6.14587,6.47307,6.58393,-9999,-9999
20120129,20120204,28.523,1.0,484.87,214.158,1.0,410.89,0.0,16.906,1.0,99.408,1.0,1.718,0.0,1.947,1.0,0.351653152778,1.0,149.729601562,1.0,416.159722222,1.0,420.217,1.0,-9999,1.0,73.2823,1.0,-9999,1.92633,44.3772,1.0,-9999,2.2632,4.84001,0.973214,0.196026,4.81306,4.89364,5.5074,0.97619,0.97619,0.994048,12.738,11.7705,11.8695,12.738,7.02338,6.90149,7.07411,7.42489,9.0348,8.42717,8.60123,9.74906,5.41748,5.3674,5.424,6.00314,-9999,-9999
20120205,20120211,26.46,1.0,474.911,230.066,1.0,402.028,0.0,12.073,1.0,99.569,1.0,1.645,0.0,2.255,0.991071,0.408533210598,0.993055555556,140.917778719,1.0,412.513888889,1.0,432.252,1.0,-9999,1.0,87.9996,0.994048,-9999,1.90926,25.9424,0.997024,-9999,2.06707,4.98764,0.907738,0.282148,4.97871,5.14909,5.69749,0.904762,0.91369,0.928571,17.1113,16.7966,17.2026,17.7353,11.6336,11.2436,11.8643,12.6006,8.70313,6.50916,8.36949,8.70313,5.03801,5.10664,5.93396,6.21443,-9999,-9999
20120212,20120218,28.443,1.0,463.37,266.24,1.0,392.031,0.0,19.617,1.0,99.631,1.0,1.008,0.0,2.111,1.0,0.349945538194,1.0,179.715027377,0.996527777778,504.579861111,1.0,418.375,1.0,-9999,1.0,85.5401,1.0,-9999,2.08605,38.8119,1.0,-9999,2.15313,7.5747,0.943452,0.390963,7.06854,7.53285,7.64572,0.967262,0.970238,0.946429,16.2798,15.5899,16.1266,16.6839,9.04006,8.12013,8.80611,9.3575,17.9113,15.7023,17.693,18.4264,10.6778,8.97998,10.2246,10.6925,-9999,-9999
20120219,20120225,26.311,1.0,450.346,212.621,1.0,401.032,0.0,13.197,1.0,99.462,1.0,3.838,0.0,2.134,1.0,0.375885923611,1.0,152.236546261,0.993055555556,443.055555556,1.0,448.734,1.0,-9999,1.0,82.3936,0.973214,-9999,1.9699,28.1165,0.973214,-9999,2.0076,9.61766,0.952381,0.429761,9.16109,9.61506,9.6697,0.946429,0.955357,0.955357,16.3988,16.3988,17.5442,17.6022,7.24805,7.19602,7.88604,7.95385,15.636,15.6397,16.4708,17.2855,9.09603,7.85423,8.14897,9.09603,-9999,-9999
20120226,20120303,24.343,1.0,435.979,215.008,1.0,394.11,0.0,8.421,1.0,99.617,0.97619,3.208,0.0,2.03,0.994048,0.401226873792,0.993055555556,130.321354827,0.996527777778,388.46875,1.0,452.735,1.0,-9999,1.0,107.964,0.994048,-9999,2.41501,1.52488,0.994048,-9999,1.79362,9.33278,0.916667,0.358116,8.68896,9.35682,9.52097,0.940476,0.919643,0.895833,22.3203,22.2268,24.3236,25.9104,14.0689,12.924,14.7837,16.4885,18.3607,15.3355,17.0647,19.7728,9.91995,9.88537,10.4781,11.9434,-9999,-9999
20120304,20120310,28.566,1.0,420.448,268.371,1.0,399.253,0.0,20.135,1.0,99.796,1.0,0.047,0.0,1.833,1.0,0.286256010417,1.0,189.920085962,0.996527777778,519.413194444,1.0,420.553,1.0,-9999,1.0,120.128,1.0,-9999,2.62068,-8.28787,1.0,-9999,1.75799,6.69355,0.940476,0.21703,6.45928,6.69602,6.858,0.925595,0.9375,0.943452,21.9773,19.1929,23.7135,26.3421,15.5803,13.9809,16.8866,19.5178,30.7171,18.4827,23.2185,30.7171,12.7765,12.224,14.0906,17.8838,-9999,-9999
20120311,20120317,25.148,1.0,403.967,234.245,1.0,380.562,0.0,13.79,1.0,99.788,1.0,0.38,0.0,2.188,1.0,0.368676440972,1.0,151.67173316,1.0,449.961805556,1.0,417.767,1.0,-9999,1.0,89.7137,1.0,-9999,2.34288,18.9098,1.0,-9999,1.89649,2.76411,0.997024,0.193323,2.68446,2.81305,3.22648,1.0,0.997024,0.991071,13.0719,12.5823,13.1263,13.3505,10.0071,9.6416,10.2265,10.6402,9.36735,9.40583,10.4406,10.6122,8.92838,8.08606,8.76855,9.00086,-9999,-9999
20120318,20120324,23.34,1.0,386.781,198.346,1.0,378.21,0.0,10.388,1.0,99.678,1.0,2.053,0.0,1.891,1.0,0.342555246528,1.0,114.911967083,1.0,363.041666667,1.0,426.243,1.0,-9999,1.0,72.2576,1.0,-9999,1.97001,24.1763,1.0,-9999,1.73531,2.72006,0.964286,0.197139,2.51774,2.70704,2.74214,0.946429,0.979167,0.973214,11.1706,11.0181,12.0571,12.1804,8.4264,8.40831,9.33247,9.55996,5.96662,6.70572,8.4961,8.91412,7.36534,5.97946,6.65781,7.39623,-9999,-9999
20120325,20120331,19.398,1.0,369.156,213.864,1.0,320.659,0.0,10.421,1.0,100.268,1.0,0.65,0.0,1.805,1.0,0.300692694444,1.0,117.273813542,1.0,404.628472222,1.0,413.915,1.0,-9999,1.0,67.1039,0.946429,-9999,1.5762,34.146,0.943452,-9999,1.7604,0.771645,0.946429,0.198408,0.768003,0.857594,0.961647,0.964286,0.985119,0.964286,10.1919,9.0188,9.83646,10.1713,9.1233,8.09275,9.11269,9.30337,8.26574,5.94178,6.58237,7.83102,6.3209,6.06214,6.27857,6.65405,-9999,-9999
20120401,20120407,23.613,1.0,351.378,166.905,1.0,363.747,0.0,13.526,1.0,99.801,1.0,1.285,0.0,1.865,0.991071,0.315063554167,0.989583333333,92.1242998715,1.0,302.385416667,1.0,439.282,1.0,-9999,1.0,59.0409,0.157738,-9999,1.3396,9.50586,0.154762,-9999,1.22713,6.41738,0.907738,0.17815,6.02495,6.31567,6.43557,0.91369,0.907738,0.904762,16.6621,15.9853,16.8779,17.0684,10.3491,9.84575,10.5306,10.723,17.9908,11.3015,14.738,16.965,7.72671,6.10183,6.87756,7.8417,-9999,-9999
20120408,20120414,23.039,1.0,333.742,136.87,1.0,393.28,0.0,7.838,1.0,99.811,1.0,3.767,0.0,1.708,1.0,0.26598028125,1.0,89.5874966354,1.0,286.302083333,1.0,466.383,1.0,-9999,1.0,65.6971,0.922619,-9999,0.940157,0.814772,0.925595,-9999,0.77506,6.51504,0.940476,0.138271,5.9211,6.22741,6.51504,0.970238,0.958333,0.940476,14.5058,14.5097,14.7535,14.9982,8.33699,8.17416,8.48588,8.69525,14.7579,12.4389,13.3516,13.8092,7.42571,6.64482,6.92034,7.35095,-9999,-9999
20120415,20120421,20.707,1.0,316.55,175.063,0.625,356.419,0.0,6.745,0.997024,100.05,0.988095,6.826,0.0,1.863,0.97619,0.254257323148,0.979166666667,95.2974039583,1.0,-9999,-9999,462.465,1.0,-9999,1.0,77.4224,0.943452,-9999,0.811418,1.002,0.931548,-9999,0.825772,4.13163,0.64881,0.125237,3.75284,3.85805,4.14271,0.779762,0.732143,0.619048,12.3743,12.3173,12.9698,13.4589,8.89925,8.16618,8.77443,9.78071,10.5597,10.0438,10.6571,11.3963,7.41402,6.65678,7.59384,7.98811,-9999,-9999
20120422,20120428,14.388,1.0,300.105,145.524,0.5625,325.106,0.0,3.315,1.0,100.11,1.0,6.65,0.0,2.197,1.0,0.354581649306,1.0,77.5308108958,1.0,-9999,-9999,425.259,1.0,-9999,1.0,68.09,0.952381,-9999,0.916916,5.51519,0.952381,-9999,0.946193,-0.0548607,0.848214,0.135013,-0.183396,-0.0924522,0.0519211,0.85119,0.85119,0.824405,7.21544,7.21717,7.27658,7.59403,7.47866,7.3664,7.45187,7.5239,7.8368,6.17449,7.03704,8.20315,6.40403,6.58307,6.71033,7.05161,-9999,-9999
20120429,20120505,16.568,1.0,284.704,160.981,0.5625,315.716,0.0,5.733,1.0,100.674,1.0,0.075,0.0,1.745,0.994048,0.282205572917,1.0,82.4131061806,1.0,-9999,-9999,433.719,1.0,-9999,1.0,58.7524,0.985119,-9999,0.734852,-0.227794,0.985119,-9999,1.00887,2.65447,0.800595,0.147514,2.66874,2.76297,2.88614,0.794643,0.809524,0.875,9.1182,8.86569,9.05022,9.12521,6.32524,6.19103,6.26167,6.3637,8.24758,7.33223,8.01193,8.74732,6.82748,6.78279,6.9068,7.25631,-9999,-9999
20120506,20120512,21.799,1.0,270.629,155.908,0.5625,346.759,0.0,9.355,1.0,100.069,1.0,1.472,0.0,2.042,0.994048,0.333022055556,1.0,85.9013657882,1.0,-9999,-9999,426.065,1.0,-9999,1.0,57.5664,0.988095,-9999,1.02793,-3.38331,0.988095,-9999,1.18231,5.24127,0.821429,0.184204,5.10736,5.12549,5.34129,0.830357,0.821429,0.91369,13.312,13.1658,13.4374,13.5799,7.66942,7.99565,8.20666,8.39588,10.2943,9.97031,10.2813,10.7999,6.14204,5.72061,6.15889,6.75897,-9999,-9999
20120513,20120519,17.287,0.96131,258.145,146.158,0.800595,320.271,0.0,6.403,0.958333,100.39,0.491071,0.026,0.0,2.205,0.491071,-9999,-9999,-9999,-9999,-9999,-9999,423.285,0.96131,-9999,1.0,41.8015,0.991071,-9999,1.15066,-1.99012,0.991071,-9999,1.13945,3.58304,0.880952,0.187434,3.14751,3.32499,3.53161,0.940476,0.895833,0.880952,8.57914,8.37621,8.64328,8.85149,4.8571,5.09175,5.28619,5.5435,7.37121,6.93629,7.37121,8.4917,6.23787,6.44871,6.59201,6.74296,-9999,-9999
20120520,20120526,20.348,1.0,247.489,112.965,1.0,359.326,0.0,6.935,1.0,100.212,0.607143,1.715,0.0,1.723,0.571429,-9999,-9999,-9999,-9999,222.756944444,1.0,445.133,1.0,-9999,1.0,36.6445,0.994048,-9999,1.23072,-3.51567,0.997024,-9999,1.18116,4.74051,0.979167,0.206688,4.77964,4.87746,5.21142,0.979167,0.979167,0.982143,10.0664,9.65131,9.90299,10.2588,4.19889,4.64693,4.99589,5.24713,11.2051,10.5254,11.1192,11.4787,6.62036,6.6053,6.85435,7.05658,-9999,-9999
20120527,20120602,21.012,1.0,238.862,108.556,1.0,361.94,0.0,8.062,1.0,100.049,1.0,2.388,0.0,2.323,0.982143,0.452453265741,0.989583333333,-9999,-9999,230.993055556,1.0,440.609,1.0,-9999,1.0,45.32,1.0,-9999,1.32116,-15.2899,1.0,-9999,1.12628,7.00256,0.985119,0.266498,6.98993,7.3877,7.51958,0.985119,0.985119,0.991071,13.2238,12.8973,13.0496,13.3433,5.66541,5.57069,5.85427,6.16908,12.8924,12.5935,12.9214,13.122,5.64532,5.43275,5.52601,5.61036,-9999,-9999
20120603,20120609,10.206,1.0,232.427,134.98,1.0,278.655,0.0,3.638,1.0,100.7,0.940476,0.0,0.0,1.963,0.940476,0.301373504388,0.9375,67.0557502187,0.618055555556,257.263888889,1.0,414.065,1.0,-9999,1.0,52.094,0.973214,-9999,1.25242,-11.535,0.973214,-9999,1.08484,1.88686,0.988095,0.160111,1.69655,1.78677,1.81954,0.988095,0.985119,0.988095,7.20341,7.02845,7.1453,7.20129,5.35745,5.3147,5.35745,5.4091,4.69821,4.30474,4.65393,5.35176,4.76515,4.10649,4.21014,4.62521,-9999,-9999
20120610,20120616,19.95,0.818452,228.304,88.443,0.83631,378.028,0.0,6.739,0.818452,100.029,0.488095,2.134,0.0,2.166,0.479167,0.354582352814,0.5625,-9999,-9999,154.473958333,0.666666666667,465.729,0.818452,-9999,1.0,70.1413,0.800595,-9999,1.52031,-61.932,0.791667,-9999,1.04924,8.41204,0.6875,0.254623,8.18865,8.63279,8.713,0.761905,0.717262,0.693452,20.2577,19.8538,20.3737,20.5039,11.3765,11.219,11.5057,11.8784,4.92547,4.1033,5.11802,9.71709,3.16316,1.78293,2.05752,3.17437,-9999,-9999
20120617,20120623,17.042,0.309524,226.562,93.808,0.604167,343.602,0.0,5.405,0.309524,100.151,0.0,3.931,0.0,1.898,0.0,-9999,-9999,-9999,-9999,-9999,-9999,445.276,0.309524,-9999,1.0,80.2348,0.354167,-9999,0.696782,-76.6155,0.354167,-9999,1.14856,9.05905,0.217262,0.398186,9.58288,9.84915,10.5129,0.217262,0.217262,0.255952,17.659,17.2595,17.3942,17.6517,6.9547,6.66601,7.4546,7.81131,4.14188,3.36354,4.3684,9.21473,3.70784,1.88052,2.74922,3.61553,-9999,-9999
20120624,20120630,20.317,0.0,227.227,119.776,0.604167,354.52,0.0,8.072,0.0,100.327,0.0,0.133,0.0,2.499,0.0,-9999,-9999,-9999,-9999,-9999,-9999,-9999,-9999,-9999,1.0,80.2348,0.0,-9999,1.03727,-76.6155,0.0,-9999,1.73675,9.10167,0.0,3.76596,9.63758,9.92656,10.4831,0.0,0.0,0.0,20.6982,20.2389,20.6813,20.8096,10.0269,9.95219,10.6462,11.0001,4.84503,3.97321,5.08417,9.78819,4.21052,2.36368,2.69466,4.21218,-9999,-9999
20120701,20120707,16.265,0.0,230.271,86.697,0.604167,352.695,0.0,6.43,0.0,100.166,0.0,13.804,0.0,2.939,0.0,-9999,-9999,-9999,-9999,-9999,-9999,-9999,-9999,-9999,1.0,82.7198,0.0,-9999,-9999,-77.1094,0.0,-9999,-9999,9.04595,0.0,-9999,9.54622,9.85233,10.5024,0.0,0.0,0.0,17.1125,16.7151,16.8464,17.1052,6.4124,6.12686,6.97495,7.36429,4.01412,3.25835,4.23493,9.05801,3.0866,1.72041,2.01414,3.09139,-9999,-9999
20120708,20120714,11.401,0.0,235.624,120.692,0.598214,292.786,0.0,5.335,0.0,100.445,0.0,1.807,0.0,1.874,0.0,-9999,-9999,-9999,-9999,-9999,-9999,-9999,-9999,-9999,1.0,80.3988,0.0,-9999,-9999,-76.6859,0.0,-9999,-9999,8.98967,0.0,-9999,9.53138,9.79118,10.4632,0.0,0.0,0.0,12.8189,12.0672,12.2744,12.8075,2.1673,1.73003,2.4595,3.63829,3.0193,2.39981,3.51854,8.03469,4.32134,2.36177,3.15382,4.24331,-9999,-9999
20120715,20120721,12.617,0.0,243.166,140.047,0.583333,294.836,0.0,5.92,0.0,100.834,0.0,0.0,0.0,2.095,0.0,-9999,-9999,-9999,-9999,-9999,-9999,-9999,-9999,-9999,1.0,80.7644,0.0,-9999,-9999,-76.5834,0.0,-9999,-9999,8.7967,0.0,-9999,9.37741,9.66108,10.2311,0.0,0.0,0.0,13.7964,13.106,13.2802,13.7856,3.37808,2.8813,3.64974,4.58003,3.24644,2.59364,3.63557,8.3408,4.87685,2.72621,3.4479,4.81468,-9999,-9999
20120722,20120728,15.394,0.0,252.74,126.365,0.583333,323.192,0.0,6.327,0.0,100.27,0.0,1.15,0.0,1.864,0.0,-9999,-9999,-9999,-9999,-9999,-9999,-9999,-9999,-9999,1.0,83.2642,0.0,-9999,-9999,-77.0831,0.0,-9999,-9999,8.74099,0.0,-9999,9.28605,9.58685,10.2503,0.0,0.0,0.0,16.1793,15.6288,15.7864,16.1904,5.73744,5.36964,6.29898,6.72842,3.79919,3.06781,4.01869,8.92077,4.38019,2.45839,2.88838,4.34938,-9999,-9999
20120729,20120804,18.878,0.0,264.149,124.746,0.577381,347.962,0.0,7.837,0.0,100.307,0.0,1.476,0.0,2.531,0.0,-9999,-9999,-9999,-9999,-9999,-9999,-9999,-9999,-9999,1.0,80.7871,0.0,-9999,-9999,-76.8179,0.0,-9999,-9999,8.68781,0.0,-9999,9.26531,9.51981,10.2053,0.0,0.0,0.0,19.3661,18.8249,19.2125,19.3773,8.98617,8.82005,9.54666,9.99975,4.53678,3.70611,4.77029,9.53808,4.26158,2.44633,2.7557,4.26603,-9999,-9999
20120805,20120811,21.419,0.0,277.168,147.403,0.5625,364.122,0.0,8.953,0.0,100.178,0.0,0.047,0.0,2.257,0.0,-9999,-9999,-9999,-9999,-9999,-9999,-9999,-9999,-9999,1.0,80.8122,0.0,-9999,-9999,-77.1378,0.0,-9999,-9999,8.50411,0.0,-9999,9.09573,9.37417,9.95735,0.0,0.0,0.0,21.7411,21.3528,21.8291,21.9365,11.6121,11.6096,11.9534,12.638,5.08616,4.18298,5.3292,9.97858,4.59375,2.74657,3.16651,4.60787,-9999,-9999
20120812,20120818,23.614,0.0,291.549,152.009,0.5625,375.013,0.0,11.585,0.0,100.124,0.0,3.101,0.0,3.751,0.0,-9999,-9999,-9999,-9999,-9999,-9999,-9999,-9999,-9999,1.0,83.3121,0.0,-9999,-9999,-77.6375,0.0,-9999,-9999,8.44839,0.0,-9999,9.00507,9.30064,9.97727,0.0,0.0,0.0,23.908,23.908,24.2246,24.2935,13.7558,13.7558,14.8644,15.1684,5.58643,4.62135,5.83567,10.3464,4.34823,2.80779,3.11733,4.38107,-9999,-9999
20120819,20120825,21.764,0.0,307.027,139.983,0.5625,373.234,0.0,10.044,0.0,100.373,0.0,3.062,0.0,3.043,0.0,-9999,-9999,-9999,-9999,-9999,-9999,-9999,-9999,-9999,1.0,80.8122,0.0,-9999,-9999,-77.1378,0.0,-9999,-9999,8.46149,0.0,-9999,9.04174,9.29746,9.9939,0.0,0.0,0.0,22.1459,21.8652,22.3024,22.393,11.9874,11.9874,12.6131,13.1711,5.17909,4.26667,5.42193,10.0279,4.13251,2.60294,2.8979,4.16092,-9999,-9999
20120826,20120901,15.809,0.0,323.331,161.824,0.5625,324.439,0.0,7.234,0.0,100.841,0.0,0.908,0.0,2.076,0.0,-9999,-9999,-9999,-9999,-9999,-9999,-9999,-9999,-9999,1.0,81.1445,0.0,-9999,-9999,-82.5959,0.0,-9999,-9999,8.45893,0.0,-9999,9.13018,9.39064,10.6239,0.0,0.0,0.0,16.7035,16.268,16.4048,16.709,6.18413,5.82467,6.77189,7.24887,3.91933,3.17684,4.13804,8.97595,4.86756,3.03534,3.4158,4.87658,-9999,-9999
20120902,20120908,24.078,0.0,340.186,180.533,0.547619,369.912,0.0,12.27,0.0,100.08,0.0,0.429,0.0,2.514,0.0,-9999,-9999,-9999,-9999,-9999,-9999,-9999,-9999,-9999,1.0,83.7651,0.0,-9999,-9999,-84.6349,0.0,-9999,-9999,5.76302,0.0,-9999,6.34901,6.66031,8.49723,0.0,0.0,0.0,24.4047,24.4047,24.8514,24.8568,16.1022,16.073,18.1911,18.3894,5.70072,4.68495,5.95045,10.4185,4.62394,3.25171,3.58467,4.62477,-9999,-9999
20120909,20120915,20.451,0.0,357.321,166.875,0.520833,364.628,0.0,7.779,0.0,100.107,0.0,8.513,0.0,2.327,0.0,-9999,-9999,-9999,-9999,-9999,-9999,-9999,-9999,-9999,1.0,81.2779,0.0,-9999,-9999,-84.2205,0.0,-9999,-9999,5.68736,0.0,-9999,6.2917,6.56368,8.46093,0.0,0.0,0.0,20.84,20.3983,20.84,20.9692,12.5923,12.4201,13.659,14.4943,4.8776,4.00248,5.11673,9.80833,5.15767,3.18681,3.53703,5.16414,-9999,-9999
20120916,20120922,21.505,0.0,374.469,205.506,0.520833,357.041,0.0,10.868,0.0,99.663,0.0,3.976,0.0,2.664,0.0,-9999,-9999,-9999,-9999,-9999,-9999,-9999,-9999,-9999,1.0,81.2493,0.0,-9999,-9999,-84.0814,0.0,-9999,-9999,5.72998,0.0,-9999,6.34569,6.64142,8.42883,0.0,0.0,0.0,22.0853,22.0356,22.3124,22.3765,13.862,13.8014,15.5679,15.8673,5.16338,4.26027,5.40164,9.95746,5.45906,3.61731,3.96182,5.48747,-9999,-9999
20120923,20120929,17.092,0.0,391.376,221.277,0.520833,307.714,0.0,9.553,0.0,100.696,0.0,0.282,0.0,2.76,0.0,-9999,-9999,-9999,-9999,-9999,-9999,-9999,-9999,-9999,1.0,83.7651,0.0,-9999,-9999,-84.6349,0.0,-9999,-9999,5.76302,0.0,-9999,6.34901,6.66031,8.49723,0.0,0.0,0.0,17.7111,17.3209,17.4539,17.7038,9.40014,9.05913,9.8669,10.9997,4.15385,3.37421,4.38041,9.22256,5.90628,3.84551,4.16924,5.92273,-9999,-9999
20120930,20121006,23.795,0.0,407.798,188.934,0.5,392.638,0.0,9.029,0.0,99.656,0.0,4.593,0.0,2.129,0.0,-9999,-9999,-9999,-9999,-9999,-9999,-9999,-9999,-9999,1.0,81.2779,0.0,-9999,-9999,-84.2205,0.0,-9999,-9999,5.68736,0.0,-9999,6.2917,6.56368,8.46093,0.0,0.0,0.0,24.1233,24.1233,24.521,24.5424,15.8801,15.816,17.9806,18.127,5.63578,4.6599,5.88473,10.3712,5.37937,3.41922,3.73491,5.40077,-9999,-9999
20121007,20121013,24.141,0.0,423.506,220.158,0.5,390.739,0.0,11.39,0.0,99.967,0.0,1.583,0.0,3.151,0.0,-9999,-9999,-9999,-9999,-9999,-9999,-9999,-9999,-9999,1.0,81.2493,0.0,-9999,-9999,-84.0814,0.0,-9999,-9999,5.72998,0.0,-9999,6.34569,6.64142,8.42883,0.0,0.0,0.0,24.5043,24.5043,24.9713,24.9898,16.2836,16.2794,18.3299,18.5975,5.72334,4.68801,5.97236,10.423,5.45649,3.84978,4.2087,5.45729,-9999,-9999
20121014,20121020,23.253,0.0,438.296,255.202,0.5,360.74,0.0,11.672,0.0,99.666,0.0,2.734,0.0,2.386,0.0,-9999,-9999,-9999,-9999,-9999,-9999,-9999,-9999,-9999,1.0,83.7651,0.0,-9999,-9999,-84.6349,0.0,-9999,-9999,5.76302,0.0,-9999,6.34901,6.66031,8.49723,0.0,0.0,0.0,23.5794,23.5785,23.8763,23.9406,15.2756,15.2712,17.2285,17.4654,5.51028,4.55577,5.75791,10.2819,5.58545,4.31199,4.67096,5.5863,-9999,-9999
20121021,20121027,21.58,0.0,451.984,166.481,0.5,378.475,0.0,7.024,0.0,99.486,0.0,16.89,0.0,2.299,0.0,-9999,-9999,-9999,-9999,-9999,-9999,-9999,-9999,-9999,1.0,81.2779,0.0,-9999,-9999,-84.2205,0.0,-9999,-9999,5.68736,0.0,-9999,6.2917,6.56368,8.46093,0.0,0.0,0.0,21.8915,21.5267,21.9954,22.0983,13.6449,13.526,14.9771,15.6314,5.12095,4.21314,5.36462,10.0066,5.19482,3.15924,3.50004,5.19802,-9999,-9999
20121028,20121103,24.286,0.0,464.418,230.344,0.47619,387.998,0.0,8.906,0.0,99.568,0.0,7.58,0.0,2.354,0.0,-9999,-9999,-9999,-9999,-9999,-9999,-9999,-9999,-9999,1.0,81.2493,0.0,-9999,-9999,-84.0814,0.0,-9999,-9999,5.72998,0.0,-9999,6.34569,6.64142,8.42883,0.0,0.0,0.0,24.6159,24.6159,25.0834,25.1,16.3952,16.3904,18.442,18.6886,5.74942,4.70301,5.99959,10.4524,6.07269,3.99277,4.32663,6.09303,-9999,-9999
20121104,20121110,25.515,0.0,475.477,279.113,0.458333,376.928,0.0,13.113,0.0,99.475,0.0,0.415,0.0,2.144,0.0,-9999,-9999,-9999,-9999,-9999,-9999,-9999,-9999,-9999,1.0,83.7651,0.0,-9999,-9999,-84.6349,0.0,-9999,-9999,5.76302,0.0,-9999,6.34901,6.66031,8.49723,0.0,0.0,0.0,25.8825,25.861,26.4784,26.5646,17.5822,17.5788,19.8181,20.1947,6.04134,4.80902,6.2939,10.6508,5.7721,4.69975,5.08586,5.77309,-9999,-9999
20121111,20121117,23.657,0.0,485.072,278.328,0.458333,368.638,0.0,12.034,0.0,99.899,0.0,0.157,0.0,2.807,0.0,-9999,-9999,-9999,-9999,-9999,-9999,-9999,-9999,-9999,1.0,81.2779,0.0,-9999,-9999,-84.2205,0.0,-9999,-9999,5.68736,0.0,-9999,6.2917,6.56368,8.46093,0.0,0.0,0.0,23.9727,23.9727,24.3021,24.3719,15.7292,15.6433,17.8123,17.9536,5.60115,4.63518,5.85003,10.3503,6.33085,4.71698,5.11179,6.3317,-9999,-9999
20121118,20121124,26.276,0.0,493.143,257.086,0.458333,396.924,0.0,12.065,0.0,99.599,0.0,4.013,0.0,1.9,0.0,-9999,-9999,-9999,-9999,-9999,-9999,-9999,-9999,-9999,1.0,81.2493,0.0,-9999,-9999,-84.0814,0.0,-9999,-9999,5.72998,0.0,-9999,6.34569,6.64142,8.42883,0.0,0.0,0.0,26.662,26.6666,27.3359,27.4641,18.4444,18.4398,20.6945,21.0873,6.22105,4.87602,6.47517,10.7742,5.62207,4.39426,4.77587,5.66287,-9999,-9999
20121125,20121201,25.751,0.0,499.658,263.169,0.458333,383.515,0.0,14.098,0.0,99.564,0.0,2.448,0.0,1.84,0.0,-9999,-9999,-9999,-9999,-9999,-9999,-9999,-9999,-9999,1.0,83.7651,0.0,-9999,-9999,-84.6349,0.0,-9999,-9999,5.76302,0.0,-9999,6.34901,6.66031,8.49723,0.0,0.0,0.0,26.1364,26.139,26.7609,26.8631,17.8365,17.8327,20.1006,20.4893,6.09976,4.83008,6.35255,10.6873,5.34674,4.44023,4.81117,5.34777,-9999,-9999
20121202,20121208,27.541,0.0,504.597,260.31,0.458333,407.269,0.0,12.371,0.0,99.429,0.0,3.467,0.0,2.351,0.0,-9999,-9999,-9999,-9999,-9999,-9999,-9999,-9999,-9999,1.0,81.2779,0.0,-9999,-9999,-84.2205,0.0,-9999,-9999,5.68736,0.0,-9999,6.2917,6.56368,8.46093,0.0,0.0,0.0,28.0172,28.1254,28.8434,29.0572,19.7801,19.7731,22.2798,22.7137,6.53288,4.98115,6.78824,10.9703,5.8296,4.46027,4.85272,5.89121,-9999,-9999
20121209,20121215,27.501,0.0,507.955,266.806,0.443452,408.184,0.0,13.13,0.0,99.223,0.0,7.735,0.0,2.16,0.0,-9999,-9999,-9999,-9999,-9999,-9999,-9999,-9999,-9999,1.0,81.2493,0.0,-9999,-9999,-84.0814,0.0,-9999,-9999,5.72998,0.0,-9999,6.34569,6.64142,8.42883,0.0,0.0,0.0,27.9726,28.0763,28.7932,29.0036,19.7573,19.7504,22.1517,22.6069,6.52264,4.978,6.77802,10.9645,5.83677,4.55254,4.9447,5.83774,-9999,-9999
20121216,20121222,27.083,0.0,509.724,235.704,0.4375,413.608,0.0,11.339,0.0,99.234,0.0,10.968,0.0,2.558,0.0,-9999,-9999,-9999,-9999,-9999,-9999,-9999,-9999,-9999,1.0,83.7651,0.0,-9999,-9999,-84.6349,0.0,-9999,-9999,5.76302,0.0,-9999,6.34901,6.66031,8.49723,0.0,0.0,0.0,27.5549,27.6303,28.3367,28.5268,19.2575,19.2512,21.6764,22.1317,6.42625,4.94125,6.68053,10.8949,5.71534,4.08859,4.46262,5.71621,-9999,-9999
20121223,20121231,25.093,0.0,509.744,218.567,0.4375,409.629,0.0,9.252,0.0,99.487,0.0,6.954,0.0,2.67,0.0,-9999,-9999,-9999,-9999,-9999,-9999,-9999,-9999,-9999,1.0,82.0975,0.0,-9999,-9999,-84.3123,0.0,-9999,-9999,5.72679,0.0,-9999,6.3288,6.6218,8.46233,0.0,0.0,0.0,25.5313,25.5057,26.115,26.1993,17.2779,17.2747,19.4932,19.8499,5.9596,4.76729,6.20945,10.5698,5.6085,3.81121,4.14307,5.63658,-9999,-9999
