encoder_timestep,month,hour,gap_flag_month,gap_flag_hour,TA_ERA,SW_IN_ERA,LW_IN_ERA,VPD_ERA,P_ERA,PA_ERA,EVI,NDVI,NIRv,BESS-RSDN,relative_time_idx,attn_time
-168.0,0.02711225487291813,0.0481509193778038,0.04282337799668312,0.21694572269916534,0.07176962494850159,0.07758746296167374,0.05234392359852791,0.08502697944641113,0.01382993534207344,0.0597299300134182,0.16091972589492798,0.0570879802107811,0.018277619034051895,0.052136942744255066,0.016257664188742638,0.007342874072492123
-167.0,0.027110425755381584,0.0481572188436985,0.042837515473365784,0.2170887589454651,0.07173962146043777,0.077611044049263,0.05232931673526764,0.08502767235040665,0.013821440748870373,0.0596749410033226,0.16080880165100098,0.05708600953221321,0.018268022686243057,0.05216376110911369,0.016275417059659958,0.006864454131573439
-166.0,0.027108587324619293,0.04816356673836708,0.04285178333520889,0.2172321081161499,0.07170959562063217,0.07763471454381943,0.05231470242142677,0.08502866327762604,0.013812950812280178,0.059620581567287445,0.16069631278514862,0.057084131985902786,0.01825844869017601,0.052190616726875305,0.016293203458189964,0.0065424018539488316
-12.0,0.026689643040299416,0.04886074736714363,0.044825658202171326,0.23722872138023376,0.06730917096138,0.08095359057188034,0.04976104572415352,0.0846877470612526,0.012561449781060219,0.05198425427079201,0.14424452185630798,0.05718408152461052,0.017048746347427368,0.056964438408613205,0.019696194678544998,0.006487017963081598
-11.0,0.026686349883675575,0.04886283352971077,0.044836729764938354,0.23734217882156372,0.06728223711252213,0.08097312599420547,0.0497424453496933,0.08468274027109146,0.012553677894175053,0.051940131932497025,0.14414428174495697,0.05718802288174629,0.017042532563209534,0.05699949711561203,0.019723230972886086,0.006473067216575146
-13.0,0.02669290080666542,0.0488593764603138,0.04481462761759758,0.2371150553226471,0.0673360601067543,0.08093421906232834,0.049779679626226425,0.08469301462173462,0.012569240294396877,0.0520285964012146,0.14434371888637543,0.057180117815732956,0.01705504022538662,0.05692916363477707,0.019669216126203537,0.006444427650421858
-10.0,0.026683056727051735,0.04886474832892418,0.044847723096609116,0.23745527863502502,0.06725521385669708,0.08099262416362762,0.04972390830516815,0.08467763662338257,0.012545912526547909,0.05189597234129906,0.14404471218585968,0.05719202011823654,0.017036251723766327,0.05703462287783623,0.019750339910387993,0.006407993845641613
-14.0,0.02669616788625717,0.04885803163051605,0.0448036715388298,0.23700135946273804,0.06736279278993607,0.08091483265161514,0.04979829490184784,0.08469835668802261,0.01257705595344305,0.052072782069444656,0.14444275200366974,0.05717620253562927,0.017061330378055573,0.05689408630132675,0.019642299041152,0.006382914260029793
-20.0,0.026715245097875595,0.048843394964933395,0.04473758488893509,0.23631465435028076,0.0675257071852684,0.08079826831817627,0.049908775836229324,0.08472876250743866,0.012623979710042477,0.052341338247060776,0.1450434923171997,0.05715324729681015,0.017099134624004364,0.0566844567656517,0.019481968134641647,0.006378217600286007
-21.0,0.026718446984887123,0.04884061589837074,0.044726163148880005,0.23619914054870605,0.06755322217941284,0.08077878504991531,0.04992702603340149,0.08473336696624756,0.012631856836378574,0.05238667130470276,0.14514435827732086,0.057149697095155716,0.017105599865317345,0.05664942041039467,0.019455594941973686,0.006371971219778061
-19.0,0.026712078601121902,0.04884590208530426,0.0447489395737648,0.23643001914024353,0.06749815493822098,0.08081762492656708,0.04989047721028328,0.0847238153219223,0.012616117484867573,0.05229611322283745,0.1449430137872696,0.05715697631239891,0.017092742025852203,0.05671953409910202,0.019508494064211845,0.006357102654874325
-9.0,0.02667977660894394,0.04886684566736221,0.04485876485705376,0.2375679910182953,0.06722795963287354,0.08101207762956619,0.049705442041158676,0.08467251062393188,0.012538149952888489,0.05185180902481079,0.1439451277256012,0.05719606950879097,0.01702994666993618,0.05706997588276863,0.01977752149105072,0.006354156415909529
-22.0,0.026721645146608353,0.048837728798389435,0.044714756309986115,0.23608386516571045,0.06758084148168564,0.08075926452875137,0.04994526877999306,0.0847381129860878,0.012639745138585567,0.052432116121053696,0.1452445685863495,0.057146139442920685,0.017112139612436295,0.05661448463797569,0.019429314881563187,0.0063415332697331905
-1.0,0.026653578504920006,0.048885323107242584,0.04494709149003029,0.23846440017223358,0.06700825691223145,0.081166572868824,0.04955710098147392,0.08463069051504135,0.012475907802581787,0.0514964759349823,0.1431511789560318,0.057230692356824875,0.01698029786348343,0.057355161756277084,0.019997265189886093,0.006337075959891081
-15.0,0.026699380949139595,0.048855699598789215,0.04479295760393143,0.23688799142837524,0.06738915294408798,0.08089549839496613,0.04981686919927597,0.08470368385314941,0.012584840878844261,0.05211685970425606,0.14454279839992523,0.05717231705784798,0.017067525535821915,0.05685906857252121,0.019615380093455315,0.006328122690320015
-18.0,0.02670888416469097,0.04884832352399826,0.04476010426878929,0.23654505610466003,0.06747084856033325,0.08083711564540863,0.04987207055091858,0.08471868932247162,0.012608240358531475,0.05225098133087158,0.14484313130378723,0.05716070160269737,0.017086321488022804,0.05675442889332771,0.01953507773578167,0.0063265650533139706
-8.0,0.02667650580406189,0.048869114369153976,0.044869691133499146,0.2376808524131775,0.06720083206892014,0.08103153109550476,0.04968684911727905,0.0846671313047409,0.01253042183816433,0.05180782079696655,0.143845334649086,0.05720016732811928,0.01702367514371872,0.05710528418421745,0.01980479806661606,0.006314849480986595
-23.0,0.026724863797426224,0.04883473739027977,0.04470334202051163,0.23596803843975067,0.06760840862989426,0.08073952794075012,0.049963489174842834,0.08474268764257431,0.012647624127566814,0.052477795630693436,0.14534536004066467,0.05714264139533043,0.017118753865361214,0.05657971650362015,0.019403070211410522,0.0063094752840697765
-16.0,0.026702547445893288,0.04885323345661163,0.04478226602077484,0.2367744892835617,0.06741578876972198,0.08087603002786636,0.04983539506793022,0.0847088024020195,0.012592610903084278,0.052161239087581635,0.14464275538921356,0.05716840922832489,0.017073744907975197,0.0568242222070694,0.01958848349750042,0.006307558156549931
-17.0,0.026705699041485786,0.04885059595108032,0.04477132111787796,0.2366609126329422,0.06744330376386642,0.08085665851831436,0.04985380917787552,0.08471379429101944,0.01260037999600172,0.05220571160316467,0.14474254846572876,0.05716441944241524,0.017079971730709076,0.05678920820355415,0.019561663269996643,0.006302760913968086
-36.0,0.026766836643218994,0.04879751801490784,0.04455461725592613,0.2344471663236618,0.0679619088768959,0.08048143237829208,0.05019953101873398,0.08479948341846466,0.012749162502586842,0.05307219550013542,0.1466600000858307,0.057102352380752563,0.017205726355314255,0.05613479018211365,0.019067320972681046,0.006300170905888081
-7.0,0.0266732145100832,0.04887145012617111,0.044880691915750504,0.23779328167438507,0.06717359274625778,0.08105079084634781,0.04966822266578674,0.08466176688671112,0.012522638775408268,0.05176355689764023,0.14374610781669617,0.057204339653253555,0.017017388716340065,0.057140808552503586,0.01983211375772953,0.006291218567639589
-35.0,0.02676359750330448,0.04880012571811676,0.04456616938114166,0.2345656156539917,0.06793434917926788,0.08050145953893661,0.05018145963549614,0.08479543030261993,0.012741327285766602,0.05302620679140091,0.1465587466955185,0.05710519105195999,0.017198918387293816,0.05616866797208786,0.019092723727226257,0.006280029192566872
-165.0,0.027106763795018196,0.04816991835832596,0.04286603629589081,0.21737632155418396,0.07167943567037582,0.07765835523605347,0.0523001067340374,0.0850299671292305,0.013804511167109013,0.059566207230091095,0.16058239340782166,0.05708225443959236,0.0182489026337862,0.052217744290828705,0.016311049461364746,0.006273008417338133
-37.0,0.026770062744617462,0.048795536160469055,0.04454302415251732,0.23432880640029907,0.06798969954252243,0.08046159148216248,0.050217580050230026,0.08480384200811386,0.012757019139826298,0.05311787128448486,0.14676031470298767,0.057099539786577225,0.01721256971359253,0.05610056221485138,0.019042005762457848,0.006266084499657154
-6.0,0.026669945567846298,0.048873670399188995,0.04489167034626007,0.23790550231933594,0.06714624166488647,0.08107021450996399,0.049649640917778015,0.0846564993262291,0.012514865957200527,0.05171915888786316,0.1436469852924347,0.057208627462387085,0.017011096701025963,0.05717633664608002,0.019859518855810165,0.006258102133870125
-24.0,0.0267280675470829,0.04883180558681488,0.044691912829875946,0.23585198819637299,0.06763599812984467,0.08071977645158768,0.049981698393821716,0.0847470834851265,0.012655496597290039,0.05252325162291527,0.14544638991355896,0.05713927000761032,0.017125321552157402,0.056545015424489975,0.01937692239880562,0.00624613044783473
-5.0,0.026666682213544846,0.04887598380446434,0.04490277171134949,0.2380174994468689,0.06711870431900024,0.08108952641487122,0.049631133675575256,0.08465136587619781,0.01250708568841219,0.051674552261829376,0.143547922372818,0.05721300095319748,0.01700485683977604,0.057211946696043015,0.019886979833245277,0.006219829898327589
-38.0,0.02677324041724205,0.0487934947013855,0.0445314384996891,0.23420971632003784,0.06801720708608627,0.08044140785932541,0.05023554340004921,0.08480791747570038,0.012764845043420792,0.05316413566470146,0.14686144888401031,0.05709677189588547,0.017219457775354385,0.05606662854552269,0.019016722217202187,0.00621129060164094
-34.0,0.026760317385196686,0.04880238696932793,0.044577594846487045,0.23468342423439026,0.06790667772293091,0.08052122592926025,0.05016334727406502,0.08479081094264984,0.012733492068946362,0.052981119602918625,0.1464584767818451,0.05710805580019951,0.017192114144563675,0.056202732026576996,0.019118160009384155,0.006211033556610346
-2.0,0.026656856760382652,0.04888293892145157,0.044936005026102066,0.23835395276546478,0.06703591346740723,0.08114738762378693,0.049575623124837875,0.08463592082262039,0.012483695521950722,0.051540859043598175,0.1432494819164276,0.05722612887620926,0.01698640175163746,0.05731924623250961,0.019969580695033073,0.0062103550881147385
-44.0,0.0267918910831213,0.04877446964383125,0.044462479650974274,0.23349179327487946,0.06818342953920364,0.08032073080539703,0.05034282058477402,0.08483371883630753,0.012812020257115364,0.05343904346227646,0.14747489988803864,0.05708173289895058,0.017261143773794174,0.055863216519355774,0.01886656880378723,0.0062051331624388695
-45.0,0.026794983074069023,0.048771053552627563,0.044450778514146805,0.23337052762508392,0.06821122020483017,0.08030074089765549,0.05036061629652977,0.08483844250440598,0.012819980271160603,0.05348527804017067,0.1475774347782135,0.057079434394836426,0.017268190160393715,0.0558294840157032,0.018841853365302086,0.006198160350322723
-43.0,0.026788810268044472,0.048777732998132706,0.04447413608431816,0.23361250758171082,0.06815547496080399,0.08034073561429977,0.050325050950050354,0.08482934534549713,0.012804077938199043,0.053392909467220306,0.14737257361412048,0.057084158062934875,0.017254116013646126,0.05589701607823372,0.0188913531601429,0.006186345126479864
-4.0,0.026663394644856453,0.04887814447283745,0.04491378366947174,0.23813045024871826,0.06709118187427521,0.08110884577035904,0.049612585455179214,0.08464621752500534,0.012499293312430382,0.05162980034947395,0.1434483379125595,0.0572173073887825,0.016998646780848503,0.05724751949310303,0.01991446129977703,0.0061855497770011425
-60.0,0.02684098668396473,0.04871854558587074,0.044270969927310944,0.23152132332324982,0.0686282068490982,0.07998991012573242,0.05062301829457283,0.08488944917917252,0.012939349748194218,0.054190292954444885,0.14915242791175842,0.05704915151000023,0.017374414950609207,0.05533352121710777,0.01847841776907444,0.006182181183248758
-46.0,0.026798104867339134,0.04876776784658432,0.04443909972906113,0.23324887454509735,0.06823910772800446,0.08028077334165573,0.050378307700157166,0.08484313637018204,0.012827984057366848,0.053531598299741745,0.14768004417419434,0.0570770762860775,0.0172752533107996,0.05579565837979317,0.018817206844687462,0.006169171538203955
-3.0,0.026660121977329254,0.04888049513101578,0.044924866408109665,0.23824287950992584,0.0670635849237442,0.08112816512584686,0.04959410801529884,0.08464109152555466,0.01249149814248085,0.051585253328084946,0.14334842562675476,0.05722164362668991,0.016992541030049324,0.05728333443403244,0.01994198188185692,0.00616720924153924
-59.0,0.026837976649403572,0.04872188717126846,0.044282957911491394,0.23164522647857666,0.06860049813985825,0.08001083880662918,0.05060575529932976,0.08488643169403076,0.012931360863149166,0.0541427806019783,0.1490478366613388,0.05705084651708603,0.01736726611852646,0.0553661547601223,0.018502211198210716,0.0061599924229085445
-39.0,0.026776384562253952,0.048790592700242996,0.04452002793550491,0.2340909242630005,0.06804469227790833,0.08042140305042267,0.0502534955739975,0.08481225371360779,0.012772643007338047,0.05321004241704941,0.14696305990219116,0.057094138115644455,0.01722632348537445,0.05603259056806564,0.018991466611623764,0.006159313954412937
-42.0,0.02678568661212921,0.04878098517656326,0.04448580741882324,0.23373275995254517,0.06812766194343567,0.08036092668771744,0.0503072552382946,0.0848250687122345,0.012796157971024513,0.053346872329711914,0.147270068526268,0.05708659067749977,0.01724710687994957,0.055930789560079575,0.018916232511401176,0.006157628260552883
-33.0,0.026757050305604935,0.04880480840802193,0.04458903148770332,0.23480086028575897,0.06787901371717453,0.0805409625172615,0.050145260989665985,0.08478616178035736,0.01272566244006157,0.05293592810630798,0.14635851979255676,0.057110968977212906,0.017185255885124207,0.05623690038919449,0.019143668934702873,0.006152984220534563
-61.0,0.02684398554265499,0.048714980483055115,0.04425885155797005,0.23139750957489014,0.06865601986646652,0.07996907830238342,0.05064031481742859,0.08489243686199188,0.012947333045303822,0.05423793941736221,0.14925695955753326,0.057047415524721146,0.017381660640239716,0.055300794541835785,0.01845468394458294,0.006150724831968546
-40.0,0.026779500767588615,0.0487874373793602,0.044508740305900574,0.23397201299667358,0.06807215511798859,0.08040124922990799,0.050271451473236084,0.0848165825009346,0.012780435383319855,0.05325557291507721,0.14706522226333618,0.0570916086435318,0.01723322831094265,0.05599852278828621,0.018966278061270714,0.006139738485217094
-47.0,0.026801178231835365,0.04876431077718735,0.04442716762423515,0.23312705755233765,0.06826700270175934,0.08026044070720673,0.05039593204855919,0.08484741300344467,0.012835985980927944,0.053578123450279236,0.14778368175029755,0.05707475170493126,0.017282335087656975,0.05576204136013985,0.01879258267581463,0.00613965280354023
-41.0,0.026782570406794548,0.04878401756286621,0.04449744150042534,0.23385341465473175,0.06809993088245392,0.08038096129894257,0.050289448350667953,0.08482087403535843,0.012788256630301476,0.05330091714859009,0.14716722071170807,0.05708913132548332,0.01724017783999443,0.05596448481082916,0.018941188231110573,0.006135986652225256
-32.0,0.02675381489098072,0.04880761355161667,0.044600456953048706,0.23491843044757843,0.06785160303115845,0.08056087791919708,0.050127170979976654,0.08478158712387085,0.01271785981953144,0.052890606224536896,0.1462574601173401,0.05711386725306511,0.01717841811478138,0.056270916014909744,0.019169267266988754,0.006110157817602158
-25.0,0.026731327176094055,0.04882878065109253,0.04468045383691788,0.23573540151119232,0.06766357272863388,0.08070003986358643,0.049999892711639404,0.08475155383348465,0.012663392350077629,0.05256897583603859,0.1455473154783249,0.05713597312569618,0.017131930217146873,0.05651059001684189,0.019350849092006683,0.006107316352427006
-164.0,0.027104932814836502,0.04817623272538185,0.04288030415773392,0.2175193428993225,0.07164978981018066,0.07768178731203079,0.05228543281555176,0.08503072708845139,0.0137960659340024,0.059511881321668625,0.16046972572803497,0.05708036944270134,0.018239393830299377,0.052244968712329865,0.01632903330028057,0.006103575695306063
-62.0,0.026847001165151596,0.04871150106191635,0.044246744364500046,0.23127324879169464,0.06868398189544678,0.07994817197322845,0.050657596439123154,0.08489542454481125,0.012955330312252045,0.05428580939769745,0.14936134219169617,0.05704576149582863,0.01738891378045082,0.05526814982295036,0.018431024625897408,0.006096059922128916
-58.0,0.026834949851036072,0.04872508719563484,0.04429493471980095,0.23176921904087067,0.0685725286602974,0.08003166317939758,0.050588492304086685,0.08488333225250244,0.01292338501662016,0.054095763713121414,0.14894309639930725,0.05705256015062332,0.017360055819153786,0.05539888143539429,0.018526015803217888,0.006089171394705772
-84.0,0.026912787929177284,0.048619773238897324,0.04397225007414818,0.22846195101737976,0.06931481510400772,0.07948388904333115,0.05102961137890816,0.0849495604634285,0.013133415952324867,0.05535183474421501,0.1516948640346527,0.0570223443210125,0.017555687576532364,0.054568469524383545,0.0179287139326334,0.0060836817137897015
-68.0,0.026865096762776375,0.0486883707344532,0.04417480155825615,0.23051422834396362,0.06885366886854172,0.07982289046049118,0.05076102912425995,0.08491287380456924,0.013003339059650898,0.054573141038417816,0.14999477565288544,0.05703742802143097,0.017432937398552895,0.0550747849047184,0.018290648236870766,0.006081496365368366
-48.0,0.02680421993136406,0.048760704696178436,0.04441509023308754,0.23300601541996002,0.06829489767551422,0.08024005591869354,0.05041351914405823,0.08485157042741776,0.012843973003327847,0.0536242313683033,0.1478874385356903,0.05707250535488129,0.01728939823806286,0.055728379637002945,0.018767988309264183,0.00608125189319253
-31.0,0.026750585064291954,0.04881066828966141,0.04461193457245827,0.2350362092256546,0.06782431155443192,0.08058059215545654,0.05010903626680374,0.0847770944237709,0.012710025534033775,0.05284472182393074,0.14615638554096222,0.05711676552891731,0.017171604558825493,0.056305158883333206,0.019194917753338814,0.006080883089452982
-69.0,0.026868099346756935,0.048684194684028625,0.04416210576891899,0.2303861677646637,0.06888293474912643,0.0798017755150795,0.05077793821692467,0.08491432666778564,0.013011371716856956,0.054621439427137375,0.1501028686761856,0.057036228477954865,0.01744050346314907,0.05504254624247551,0.018267536535859108,0.006074186880141497
-67.0,0.02686205320060253,0.048692237585783005,0.0441870354115963,0.23064199090003967,0.06882505118846893,0.07984362542629242,0.05074388161301613,0.08491043746471405,0.012995299883186817,0.05452493205666542,0.1498885303735733,0.057038724422454834,0.017425496131181717,0.055106885731220245,0.01831381395459175,0.006065330468118191
-83.0,0.02690993808209896,0.04862412437796593,0.04398493468761444,0.22859005630016327,0.06928496062755585,0.07950561493635178,0.051013123244047165,0.08494710922241211,0.013125239871442318,0.05530257523059845,0.15159113705158234,0.057022981345653534,0.017547734081745148,0.05459965392947197,0.017950857058167458,0.006060452200472355
-85.0,0.02691563591361046,0.048615455627441406,0.043959811329841614,0.2283341884613037,0.06934329867362976,0.07946272939443588,0.05104625225067139,0.084952712059021,0.013141567818820477,0.05540106073021889,0.15179820358753204,0.0570218488574028,0.017563363537192345,0.05453715845942497,0.017906732857227325,0.006051705218851566
-63.0,0.02685004286468029,0.048707783222198486,0.04423496127128601,0.23114830255508423,0.06871172785758972,0.07992736995220184,0.050675004720687866,0.08489873260259628,0.012963329441845417,0.05433399975299835,0.14946523308753967,0.057044245302677155,0.017396068200469017,0.05523575097322464,0.018407443538308144,0.006045842543244362
-70.0,0.026871098205447197,0.04867975413799286,0.044149428606033325,0.23025810718536377,0.06891226023435593,0.0797804743051529,0.05079478397965431,0.08491576462984085,0.013019431382417679,0.054669830948114395,0.15021102130413055,0.05703495815396309,0.017448097467422485,0.055010464042425156,0.018244506791234016,0.00604294054210186
-30.0,0.026747360825538635,0.048813484609127045,0.044623374938964844,0.2351536750793457,0.06779754161834717,0.08060066401958466,0.05009085685014725,0.08477281779050827,0.012702233158051968,0.05279866233468056,0.14605477452278137,0.05711982771754265,0.017164817079901695,0.056339167058467865,0.019220739603042603,0.006041518412530422
-66.0,0.026859033852815628,0.04869620501995087,0.044199418276548386,0.2307698130607605,0.06879632920026779,0.07986457645893097,0.050726864486932755,0.08490804582834244,0.012987270019948483,0.05447675660252571,0.14978154003620148,0.057040050625801086,0.017417991533875465,0.05513905733823776,0.01833709143102169,0.006038520485162735
-57.0,0.026831910014152527,0.048728328198194504,0.04430697485804558,0.23189322650432587,0.06854420900344849,0.08005250990390778,0.050571244210004807,0.08488034456968307,0.012915427796542645,0.054048825055360794,0.14883838593959808,0.057054296135902405,0.017352784052491188,0.055431660264730453,0.018549833446741104,0.006030091550201178
-64.0,0.026853013783693314,0.0487038791179657,0.04422306641936302,0.2310227006673813,0.06874015182256699,0.07990632206201553,0.05069220811128616,0.08490177243947983,0.012971274554729462,0.05438154935836792,0.14957068860530853,0.05704284831881523,0.017403382807970047,0.05520324409008026,0.018383903428912163,0.006025610025972128
-65.0,0.026855994015932083,0.048699844628572464,0.04421136900782585,0.23089806735515594,0.06876838952302933,0.07988511770963669,0.050709567964076996,0.08490492403507233,0.012979262508451939,0.054428450763225555,0.1496753692626953,0.05704150348901749,0.01741073466837406,0.0551709309220314,0.018360450863838196,0.006019934080541134
-71.0,0.026874082162976265,0.048675160855054855,0.04413668066263199,0.23013000190258026,0.06894153356552124,0.07975929230451584,0.05081162601709366,0.08491753786802292,0.013027521781623363,0.05471833050251007,0.15031881630420685,0.05703368037939072,0.017455706372857094,0.05497850477695465,0.018221549689769745,0.00601509865373373
-163.0,0.02710312232375145,0.04818239063024521,0.04289453104138374,0.2176622897386551,0.07162010669708252,0.07770495116710663,0.05227065086364746,0.08503098040819168,0.013787602074444294,0.059457872062921524,0.1603577882051468,0.05707855150103569,0.018229961395263672,0.05227212607860565,0.01634708233177662,0.006005334667861462
-29.0,0.026744136586785316,0.04881659895181656,0.044634781777858734,0.23527008295059204,0.06777098029851913,0.08062058687210083,0.05007265880703926,0.08476869016885757,0.012694555334746838,0.05275256186723709,0.1459532231092453,0.05712299793958664,0.01715816743671894,0.056373246014118195,0.01924671046435833,0.006001980509608984
-86.0,0.026918597519397736,0.048610709607601166,0.04394710436463356,0.228206068277359,0.06937235593795776,0.07944142073392868,0.05106282979249954,0.08495532721281052,0.013149703852832317,0.05544991418719292,0.15190286934375763,0.05702139437198639,0.017571071162819862,0.054505910724401474,0.017884720116853714,0.005997394677251577
-26.0,0.02673453651368618,0.04882589727640152,0.044668976217508316,0.23561929166316986,0.06769103556871414,0.080680251121521,0.050018101930618286,0.08475594222545624,0.012671288102865219,0.05261462554335594,0.1456480622291565,0.05713266134262085,0.01713855192065239,0.05647600069642067,0.019324809312820435,0.005993604194372892
-108.0,0.026979265734553337,0.048504333943128586,0.043655842542648315,0.22529013454914093,0.07000840455293655,0.07896118611097336,0.05142347142100334,0.0850004181265831,0.013330151326954365,0.0565507672727108,0.15428167581558228,0.05701935291290283,0.017747562378644943,0.0538337416946888,0.01741364412009716,0.00599238695576787
-82.0,0.026907099410891533,0.048628274351358414,0.043997421860694885,0.22871854901313782,0.06925661116838455,0.07952693104743958,0.05099658668041229,0.08494441956281662,0.01311712060123682,0.05525362491607666,0.15148566663265228,0.057023607194423676,0.017540138214826584,0.054630931466817856,0.017973052337765694,0.005991937126964331
-56.0,0.02682882733643055,0.04873175919055939,0.04431888088583946,0.23201778531074524,0.06851603090763092,0.08007337898015976,0.05055388808250427,0.08487705886363983,0.012907464988529682,0.054001543670892715,0.14873366057872772,0.05705602467060089,0.01734556071460247,0.05546439811587334,0.01857372373342514,0.005984574090689421
-28.0,0.026740901172161102,0.04881952702999115,0.04464619234204292,0.23538674414157867,0.06774446368217468,0.08064053952693939,0.05005451291799545,0.08476457744836807,0.01268690638244152,0.052706412971019745,0.14585129916667938,0.05712617188692093,0.017151672393083572,0.056407321244478226,0.01927274279296398,0.0059699127450585365
-107.0,0.02697669342160225,0.04850967973470688,0.043669119477272034,0.22542230784893036,0.06998014450073242,0.07898328453302383,0.0514073520898819,0.08499863743782043,0.013321983627974987,0.05649958923459053,0.15417411923408508,0.05701914057135582,0.017739567905664444,0.05386384576559067,0.01743452623486519,0.00596974790096283
-92.0,0.02693563513457775,0.04858359694480896,0.04386910796165466,0.22742235660552979,0.06954571604728699,0.07931233942508698,0.05116230249404907,0.0849696695804596,0.013198751024901867,0.05574430897831917,0.15254633128643036,0.05701914802193642,0.017617858946323395,0.05431963875889778,0.017753301188349724,0.0059663779102265835
-109.0,0.026981869712471962,0.04849913343787193,0.0436425656080246,0.22515781223773956,0.07003692537546158,0.07893925160169601,0.051439687609672546,0.08500219136476517,0.013338342308998108,0.05660262331366539,0.15438787639141083,0.05701960250735283,0.017755696550011635,0.05380360037088394,0.017392797395586967,0.005961018148809671
-72.0,0.026877103373408318,0.04867075756192207,0.04412396624684334,0.23000091314315796,0.06897072494029999,0.07973798364400864,0.05082845315337181,0.08491930365562439,0.013035612180829048,0.054766759276390076,0.15042729675769806,0.057032644748687744,0.017463291063904762,0.05494656413793564,0.0181986503303051,0.0059587848372757435
-93.0,0.02693849243223667,0.04857903718948364,0.04385603219270706,0.22729045152664185,0.0695745050907135,0.07929069548845291,0.05117874592542648,0.08497169613838196,0.013207018375396729,0.05579392611980438,0.1526540070772171,0.0570189505815506,0.017625844106078148,0.05428890883922577,0.01773166097700596,0.005956112872809172
-27.0,0.026737716048955917,0.04882271960377693,0.04465758055448532,0.2355031818151474,0.06771794706583023,0.08066035062074661,0.050036314874887466,0.08476032316684723,0.012679154053330421,0.052660442888736725,0.14574947953224182,0.057129375636577606,0.01714519038796425,0.05644156038761139,0.01929876022040844,0.00595514103770256
-49.0,0.026807280257344246,0.04875704646110535,0.044403076171875,0.2328823357820511,0.0683223083615303,0.08021925389766693,0.050431203097105026,0.08485507220029831,0.012851997278630733,0.05367133021354675,0.14799372851848602,0.05707027390599251,0.017296407371759415,0.05569520220160484,0.018743472173810005,0.0059539200738072395
-91.0,0.026932787150144577,0.04858805984258652,0.04388226941227913,0.2275536060333252,0.0695166140794754,0.0793338418006897,0.051145873963832855,0.08496775478124619,0.013190509751439095,0.055694982409477234,0.15243880450725555,0.05701952800154686,0.01760989800095558,0.05435044318437576,0.0177750326693058,0.005953032989054918
-55.0,0.026825707405805588,0.04873519390821457,0.044330839067697525,0.23214246332645416,0.06848786026239395,0.08009416610002518,0.05053649842739105,0.0848739966750145,0.0128994295373559,0.05395442619919777,0.14862847328186035,0.05705780163407326,0.017338326200842857,0.0554971769452095,0.018597662448883057,0.005951645318418741
-87.0,0.026921400800347328,0.048605985939502716,0.04393403232097626,0.22807759046554565,0.06940113753080368,0.0794195905327797,0.051079362630844116,0.08495783805847168,0.013157765381038189,0.05549924820661545,0.1520090103149414,0.057020965963602066,0.01757877506315708,0.05447458103299141,0.017862694337964058,0.005945933982729912
-81.0,0.026904188096523285,0.048632510006427765,0.0440099723637104,0.22884641587734222,0.06922788172960281,0.07954823970794678,0.050980035215616226,0.08494213968515396,0.013109044171869755,0.055205103009939194,0.15137994289398193,0.05702431872487068,0.01753244921565056,0.054662518203258514,0.017995281144976616,0.005931594409048557
-90.0,0.026929892599582672,0.04859253019094467,0.04389532282948494,0.22768519818782806,0.06948767602443695,0.07935530692338943,0.05112932249903679,0.08496546000242233,0.013182240538299084,0.05564556643366814,0.15233156085014343,0.05701984465122223,0.01760195381939411,0.054381292313337326,0.01779681257903576,0.005930968094617128
-94.0,0.026941321790218353,0.04857434332370758,0.04384282976388931,0.22715847194194794,0.06960330903530121,0.07926899939775467,0.05119514837861061,0.08497368544340134,0.013215277343988419,0.05584365501999855,0.1527620404958725,0.0570187121629715,0.01763390377163887,0.05425821989774704,0.017710119485855103,0.005925201345235109
-88.0,0.026924172416329384,0.048601310700178146,0.04392099380493164,0.22794747352600098,0.0694296658039093,0.07939803600311279,0.05109603703022003,0.08496055752038956,0.013165882788598537,0.05554787442088127,0.15211714804172516,0.05702056363224983,0.01758638024330139,0.054443225264549255,0.0178406722843647,0.005924259312450886
-89.0,0.02692701295018196,0.0485968180000782,0.04390827566385269,0.22781765460968018,0.06945876777172089,0.07937663048505783,0.05111272633075714,0.08496303856372833,0.013174033723771572,0.05559588223695755,0.1522243469953537,0.057020239531993866,0.017594054341316223,0.054411880671978,0.017818674445152283,0.005915984511375427
-54.0,0.02682260423898697,0.048738639801740646,0.044342800974845886,0.23226675391197205,0.06845977157354355,0.08011497557163239,0.050519004464149475,0.08487069606781006,0.012891434133052826,0.05390718951821327,0.14852362871170044,0.05705973878502846,0.017331084236502647,0.05552998185157776,0.018621711060404778,0.005911190994083881
-110.0,0.026984449476003647,0.048493556678295135,0.043629150837659836,0.22502490878105164,0.07006578892469406,0.07891711592674255,0.051455773413181305,0.08500391244888306,0.013346525840461254,0.05665435269474983,0.15449510514736176,0.057019952684640884,0.017763830721378326,0.053773608058691025,0.01737201400101185,0.005905102472752333
-106.0,0.026974163949489594,0.04851509630680084,0.04368259385228157,0.22555479407310486,0.0699516087770462,0.07900533080101013,0.05139127001166344,0.08499682694673538,0.013313811272382736,0.056448668241500854,0.15406584739685059,0.05701891705393791,0.017731552943587303,0.0538940466940403,0.017455456778407097,0.005900139920413494
-95.0,0.026944132521748543,0.048569660633802414,0.04382966458797455,0.22702635824680328,0.06963200122117996,0.07924725860357285,0.05121154338121414,0.0849757194519043,0.013223540969192982,0.05589344725012779,0.1528700590133667,0.0570184551179409,0.017641983926296234,0.05422753468155861,0.017688600346446037,0.005896986462175846
-80.0,0.0269012451171875,0.048636652529239655,0.0440223291516304,0.22897568345069885,0.06919948011636734,0.07956947386264801,0.050963304936885834,0.08493927866220474,0.013100923039019108,0.05515587329864502,0.15127456188201904,0.057025011628866196,0.017524760216474533,0.054693784564733505,0.018017644062638283,0.005884815473109484
-132.0,0.027038952335715294,0.04837131127715111,0.0433260016143322,0.22201383113861084,0.07071521878242493,0.0784207284450531,0.0518021360039711,0.0850272849202156,0.013529119081795216,0.05779571831226349,0.15691068768501282,0.057035334408283234,0.017951639369130135,0.053131598979234695,0.01693044975399971,0.005882573314011097
-162.0,0.027101265266537666,0.048188649117946625,0.04290873557329178,0.21780544519424438,0.07159096747636795,0.0777282789349556,0.05225583165884018,0.08503127843141556,0.013779187574982643,0.05940357968211174,0.1602451205253601,0.05707673355937004,0.01822056993842125,0.05229920521378517,0.016365204006433487,0.005874351132661104
-53.0,0.02681952528655529,0.04874206706881523,0.04435480386018753,0.23239056766033173,0.06843158602714539,0.08013571053743362,0.050501514226198196,0.08486753702163696,0.012883464805781841,0.05386001616716385,0.14841876924037933,0.05706178769469261,0.017323849722743034,0.055562905967235565,0.018645845353603363,0.00586759252473712
-131.0,0.027036666870117188,0.048377443104982376,0.043339863419532776,0.2221500724554062,0.07068584114313126,0.0784434825181961,0.051786765456199646,0.08502668887376785,0.01352085079997778,0.057743415236473083,0.1568012237548828,0.05703430995345116,0.01794290356338024,0.053160496056079865,0.016950009390711784,0.005861593410372734
-116.0,0.026999669149518013,0.048461467027664185,0.04354739561676979,0.2242090255022049,0.07024100422859192,0.0787825733423233,0.0515512079000473,0.08501264452934265,0.013395928777754307,0.0569639727473259,0.15515494346618652,0.05702268332242966,0.017813146114349365,0.05359562113881111,0.017248740419745445,0.005854357499629259
-79.0,0.026898212730884552,0.048640962690114975,0.0440349206328392,0.2291046679019928,0.06917069107294083,0.07959040254354477,0.05094657093286514,0.08493640273809433,0.013092774897813797,0.05510719120502472,0.15116927027702332,0.05702570080757141,0.017517011612653732,0.05472518876194954,0.01803997904062271,0.0058508627116680145
-111.0,0.02698695659637451,0.04848819598555565,0.04361560940742493,0.2248900979757309,0.07009468972682953,0.078894704580307,0.05147162452340126,0.08500537276268005,0.013354686088860035,0.05670603737235069,0.15460465848445892,0.05702042579650879,0.017771806567907333,0.053743720054626465,0.017351334914565086,0.005850825924426317
-133.0,0.027041245251893997,0.04836467653512955,0.04331211745738983,0.22187699377536774,0.07074470818042755,0.0783979743719101,0.051817476749420166,0.08502732217311859,0.013537376187741756,0.05784880369901657,0.15702056884765625,0.0570363886654377,0.01796041801571846,0.053102973848581314,0.016910945996642113,0.005848800763487816
-50.0,0.026810327544808388,0.04875325411558151,0.04439093917608261,0.23276014626026154,0.06834936141967773,0.08019831031560898,0.05044880509376526,0.08485806733369827,0.012859870679676533,0.053718410432338715,0.14810039103031158,0.057068031281232834,0.017303211614489555,0.055661968886852264,0.018718911334872246,0.005848599597811699
-115.0,0.02699713595211506,0.04846688359975815,0.04356120526790619,0.22434556484222412,0.0702114924788475,0.07880529016256332,0.051535364240407944,0.08501169085502625,0.013387647457420826,0.05691230669617653,0.1550443023443222,0.05702223628759384,0.017804699018597603,0.05362503603100777,0.01726914942264557,0.00584606034681201
-117.0,0.027002224698662758,0.04845613241195679,0.0435335673391819,0.2240719497203827,0.07027040421962738,0.07875991612672806,0.05156704783439636,0.0850137323141098,0.01340427529066801,0.05701566860079765,0.1552654206752777,0.0570233054459095,0.017821602523326874,0.053566284477710724,0.017228472977876663,0.005841411184519529
-96.0,0.026946961879730225,0.048565201461315155,0.04381656274199486,0.2268935739994049,0.06966090202331543,0.07922548055648804,0.05122790485620499,0.08497757464647293,0.013231804594397545,0.055943142622709274,0.1529783308506012,0.05701842159032822,0.017650039866566658,0.05419694259762764,0.017667176201939583,0.005841243080794811
-105.0,0.026971574872732162,0.048520177602767944,0.04369600862264633,0.22568783164024353,0.06992287933826447,0.0790272206068039,0.05137501657009125,0.08499493449926376,0.013305599801242352,0.0563976913690567,0.15395818650722504,0.05701867863535881,0.017723452299833298,0.05392435938119888,0.017476430162787437,0.005840012338012457
-73.0,0.026880109682679176,0.048666439950466156,0.044111382216215134,0.2298726737499237,0.06899914145469666,0.07971697300672531,0.0508454293012619,0.08492179214954376,0.013043726794421673,0.054815519601106644,0.1505337357521057,0.05703146010637283,0.017470916733145714,0.05491488054394722,0.018175767734646797,0.0058359685353934765
-52.0,0.02681642957031727,0.04874564707279205,0.04436676204204559,0.2325146496295929,0.06840392202138901,0.08015655726194382,0.050483934581279755,0.08486425876617432,0.012875505723059177,0.05381277948617935,0.14831310510635376,0.057063791900873184,0.01731673814356327,0.055595848709344864,0.01867004670202732,0.005832477007061243
-114.0,0.02699454501271248,0.04847211390733719,0.043574824929237366,0.2244821935892105,0.07018223404884338,0.07882753759622574,0.05151931941509247,0.0850100964307785,0.013379335403442383,0.05686061084270477,0.15493501722812653,0.057021815329790115,0.017796261236071587,0.053654465824365616,0.017289599403738976,0.005827775225043297
-112.0,0.026989491656422615,0.0484829917550087,0.04360214248299599,0.2247544527053833,0.07012365013360977,0.0788724422454834,0.05148756131529808,0.08500741422176361,0.013362892903387547,0.056757912039756775,0.15471376478672028,0.05702097713947296,0.017779795452952385,0.05371375009417534,0.01733076572418213,0.0058275070041418076
-113.0,0.026992036029696465,0.04847759008407593,0.043588556349277496,0.22461912035942078,0.07015292346477509,0.07885007560253143,0.05150343105196953,0.08500880002975464,0.013371117413043976,0.05680881440639496,0.1548241525888443,0.05702146515250206,0.017787864431738853,0.053683873265981674,0.01731017231941223,0.005816371645778418
-51.0,0.026813369244337082,0.0487494133412838,0.04437880590558052,0.23263804614543915,0.06837654858827591,0.0801774114370346,0.05046636238694191,0.08486104756593704,0.012867649085819721,0.053765542805194855,0.14820678532123566,0.05706583335995674,0.01730993576347828,0.05562889203429222,0.018694402649998665,0.0058147539384663105
-118.0,0.027004748582839966,0.04845072701573372,0.043519843369722366,0.22393496334552765,0.0702996477484703,0.07873746752738953,0.05158296972513199,0.08501497656106949,0.01341258455067873,0.057067401707172394,0.15537568926811218,0.057023786008358,0.017830150201916695,0.05353686958551407,0.017208196222782135,0.005807756911963224
-78.0,0.026895172894001007,0.04864511638879776,0.04404757544398308,0.22923320531845093,0.06914202123880386,0.07961145043373108,0.050929728895425797,0.08493363112211227,0.013084588572382927,0.055058445781469345,0.15106432139873505,0.05702654644846916,0.017509248107671738,0.0547565221786499,0.018062442541122437,0.005806833039969206
-130.0,0.027034373953938484,0.048383668065071106,0.04335377365350723,0.22228622436523438,0.07065608352422714,0.07846616953611374,0.051771413534879684,0.085025854408741,0.013512556441128254,0.0576913096010685,0.1566922813653946,0.05703320354223251,0.017934177070856094,0.05318937450647354,0.016969522461295128,0.00579501548781991
-104.0,0.02696896344423294,0.048525333404541016,0.04370935633778572,0.22582228481769562,0.06989406049251556,0.07904930412769318,0.05135888233780861,0.08499298989772797,0.013297393918037415,0.056346695870161057,0.15384899079799652,0.0570184551179409,0.017715362831950188,0.053954508155584335,0.01749742403626442,0.005792441312223673
-134.0,0.027043478563427925,0.04835797846317291,0.04329807683825493,0.22173984348773956,0.07077396661043167,0.07837492227554321,0.051832739263772964,0.08502727746963501,0.01354555506259203,0.05790160223841667,0.15713216364383698,0.057037461549043655,0.017969181761145592,0.05307432636618614,0.016891418024897575,0.00579000823199749
-156.0,0.02708962932229042,0.048225823789834976,0.042992379516363144,0.21865880489349365,0.07141773402690887,0.0778672993183136,0.052166298031806946,0.08503182232379913,0.013729093596339226,0.059076614677906036,0.15957559645175934,0.057065919041633606,0.018166081979870796,0.052461691200733185,0.016475209966301918,0.00578504940494895
-119.0,0.02700725942850113,0.048445116728544235,0.04350605607032776,0.22379809617996216,0.07032903283834457,0.0787147581577301,0.05159878730773926,0.08501600474119186,0.013420887291431427,0.05711905658245087,0.15548627078533173,0.057024337351322174,0.017838723957538605,0.05350761115550995,0.01718798466026783,0.005777609534561634
-77.0,0.026892192661762238,0.048649467527866364,0.04406040906906128,0.2293609082698822,0.0691133439540863,0.07963245362043381,0.05091299116611481,0.0849311426281929,0.013076426461338997,0.05500981584191322,0.1509588062763214,0.05702755227684975,0.01750149391591549,0.05478806421160698,0.01808500476181507,0.0057618157006800175
-157.0,0.027091622352600098,0.048219576478004456,0.04297831282019615,0.21851710975170135,0.07144655287265778,0.07784406840801239,0.05218125879764557,0.08503156155347824,0.013737482018768787,0.05913135036826134,0.15968720614910126,0.05706765875220299,0.018175194039940834,0.05243426188826561,0.01645679585635662,0.005760387051850557
-103.0,0.026966270059347153,0.048530325293540955,0.0437227264046669,0.22595764696598053,0.06986504048109055,0.07907139509916306,0.051342617720365524,0.08499108254909515,0.013289193622767925,0.05629565194249153,0.15373946726322174,0.0570182241499424,0.017707161605358124,0.053984712809324265,0.017518436536192894,0.005755259655416012
-161.0,0.02709939144551754,0.04819484427571297,0.04292288050055504,0.21794962882995605,0.07156184315681458,0.07775174826383591,0.05224096402525902,0.08503124862909317,0.013770872727036476,0.05934864282608032,0.16013206541538239,0.0570748969912529,0.018211469054222107,0.0523260273039341,0.016383426263928413,0.005752976052463055
-155.0,0.027087658643722534,0.04823184385895729,0.043006207793951035,0.21880045533180237,0.07138888537883759,0.07789032906293869,0.05215127766132355,0.08503130823373795,0.013720658607780933,0.05902232974767685,0.15946543216705322,0.05706411227583885,0.018157009035348892,0.05248890444636345,0.01649358496069908,0.005752436816692352
-129.0,0.027032004669308662,0.04838982969522476,0.04336772486567497,0.22242261469364166,0.07062602043151855,0.078488789498806,0.051756005734205246,0.08502543717622757,0.01350422203540802,0.0576392225921154,0.15658310055732727,0.057032208889722824,0.01792544685304165,0.05321827903389931,0.01698903925716877,0.005735872779041529
-74.0,0.02688308246433735,0.048662032932043076,0.04409858584403992,0.22974582016468048,0.06902755051851273,0.07969585061073303,0.050862353295087814,0.0849238932132721,0.013051876798272133,0.054863933473825455,0.15064020454883575,0.0570303313434124,0.017478546127676964,0.054883018136024475,0.018152926117181778,0.0057340385392308235
-135.0,0.027045730501413345,0.04835214465856552,0.043284427374601364,0.22160179913043976,0.07080265879631042,0.07835210859775543,0.05184817686676979,0.085028275847435,0.013553767465054989,0.057955045253038406,0.1572413146495819,0.057038579136133194,0.01797785423696041,0.053046129643917084,0.01687195710837841,0.00573365343734622
-97.0,0.026949774473905563,0.04856032505631447,0.04380318522453308,0.22675980627536774,0.06969013065099716,0.07920364290475845,0.05124441534280777,0.08497973531484604,0.013239952735602856,0.05599328503012657,0.15308718383312225,0.05701832473278046,0.017658144235610962,0.05416633188724518,0.017645809799432755,0.005724076647311449
-76.0,0.026889141649007797,0.04865361377596855,0.044073060154914856,0.22948960959911346,0.06908455491065979,0.0796535536646843,0.050896141678094864,0.08492886275053024,0.01306825689971447,0.05496108531951904,0.150852769613266,0.05702846869826317,0.017493795603513718,0.05481952801346779,0.018107589334249496,0.005723612383008003
-120.0,0.027009768411517143,0.04843972250819206,0.043492138385772705,0.2236603945493698,0.0703585147857666,0.0786920115351677,0.05161454528570175,0.08501685410737991,0.013429217971861362,0.05717092752456665,0.15559731423854828,0.057025037705898285,0.017847241833806038,0.053478438407182693,0.017167862504720688,0.005722933914512396
-158.0,0.027093661949038506,0.048213452100753784,0.042964283376932144,0.21837538480758667,0.07147624343633652,0.07782089710235596,0.05219617486000061,0.08503135293722153,0.013745968230068684,0.059185780584812164,0.15979720652103424,0.05706944316625595,0.018184462562203407,0.0524071529507637,0.016438519582152367,0.005711457226425409
-102.0,0.026963520795106888,0.04853516072034836,0.043736010789871216,0.22609205543994904,0.06983596831560135,0.07909334450960159,0.0513262078166008,0.08498915284872055,0.01328099612146616,0.05624471232295036,0.15363162755966187,0.057018134742975235,0.01769888773560524,0.0540146678686142,0.01753954403102398,0.005709911230951548
-139.0,0.02705439366400242,0.04832829162478447,0.04322919622063637,0.2210465371608734,0.07091809064149857,0.0782603919506073,0.051909301429986954,0.08502975106239319,0.01358660589903593,0.05816802382469177,0.15768645703792572,0.05704280361533165,0.018012480810284615,0.052933353930711746,0.016794372349977493,0.005706527270376682
-136.0,0.027047906070947647,0.04834632948040962,0.04327058792114258,0.22146306931972504,0.07083145529031754,0.07832931727170944,0.05186346173286438,0.08502893149852753,0.013561897911131382,0.05800854414701462,0.15735222399234772,0.05703964829444885,0.017986373975872993,0.05301777273416519,0.01685245893895626,0.005706124473363161
-140.0,0.027056558057665825,0.04832225292921066,0.04321539029479027,0.22090771794319153,0.07094752043485641,0.07823709398508072,0.051924608647823334,0.08502940833568573,0.013594909571111202,0.05822117626667023,0.15779758989810944,0.057043928653001785,0.018021348863840103,0.05290535092353821,0.016775134950876236,0.00570487417280674
-75.0,0.026886098086833954,0.04865767061710358,0.04408573731780052,0.2296184003353119,0.06905608624219894,0.07967456430196762,0.05087922886013985,0.08492620289325714,0.013060064986348152,0.054912395775318146,0.15074662864208221,0.05702929198741913,0.01748618856072426,0.05485117435455322,0.01813020184636116,0.005703164264559746
-138.0,0.027052275836467743,0.04833430424332619,0.043243151158094406,0.22118601202964783,0.07088899612426758,0.0782833993434906,0.05189419165253639,0.08502976596355438,0.013578335754573345,0.058114856481552124,0.1575741171836853,0.05704183503985405,0.01800362765789032,0.052961498498916626,0.016813671216368675,0.005695660132914782
-160.0,0.02709745429456234,0.04820099100470543,0.042936474084854126,0.21809080243110657,0.0715336725115776,0.07777471095323563,0.052225980907678604,0.08503123372793198,0.013762637972831726,0.05929477512836456,0.1600208580493927,0.05707305297255516,0.01820252276957035,0.052353017032146454,0.016401808708906174,0.005693779792636633
-137.0,0.027050120756030083,0.04834037646651268,0.04325693100690842,0.22132515907287598,0.0708601251244545,0.07830651104450226,0.051878832280635834,0.08502928912639618,0.013570163398981094,0.05806153267621994,0.15746276080608368,0.05704070255160332,0.01799498312175274,0.052989523857831955,0.01683300919830799,0.005689992569386959
-128.0,0.027029596269130707,0.048395607620477676,0.043381523340940475,0.2225600779056549,0.07059609144926071,0.07851133495569229,0.05174044147133827,0.08502452075481415,0.013495871797204018,0.05758693814277649,0.15647412836551666,0.05703124776482582,0.017916753888130188,0.05324714258313179,0.017008688300848007,0.005687798373401165
-141.0,0.0270586758852005,0.048316288739442825,0.04320139065384865,0.22076845169067383,0.07097639888525009,0.07821383327245712,0.05193968862295151,0.08502956479787827,0.013603292405605316,0.05827425792813301,0.15790973603725433,0.05704503506422043,0.01803026720881462,0.05287714675068855,0.016755953431129456,0.005681645590811968
-159.0,0.027095580473542213,0.04820723459124565,0.04295042157173157,0.21823301911354065,0.0715048685669899,0.07779768109321594,0.05221109464764595,0.0850311666727066,0.013754358515143394,0.059240326285362244,0.15990911424160004,0.05707116797566414,0.018193621188402176,0.05238019675016403,0.016420194879174232,0.005677256267517805
-154.0,0.027085628360509872,0.048237964510917664,0.04302011430263519,0.2189416140317917,0.07135925441980362,0.07791344821453094,0.05213630944490433,0.08503115177154541,0.01371221523731947,0.058968447148799896,0.15935534238815308,0.05706244707107544,0.01814785972237587,0.05251626297831535,0.01651196926832199,0.005669499281793833
-101.0,0.026960818096995354,0.04854029789566994,0.043749429285526276,0.22622516751289368,0.06980668008327484,0.07911548018455505,0.05130992457270622,0.08498754352331161,0.013272847048938274,0.056194134056568146,0.15352334082126617,0.0570182204246521,0.0176906269043684,0.05404476821422577,0.017560740932822227,0.005663297139108181
-127.0,0.02702716737985611,0.048401057720184326,0.04339538514614105,0.22269777953624725,0.07056604325771332,0.07853401452302933,0.05172480642795563,0.08502356708049774,0.013487535528838634,0.057535070925951004,0.15636517107486725,0.057030219584703445,0.01790797710418701,0.05327584967017174,0.017028294503688812,0.005649017170071602
-142.0,0.027060816064476967,0.04831027612090111,0.04318753629922867,0.22062921524047852,0.07100573182106018,0.07819059491157532,0.051954858005046844,0.08502930402755737,0.013611658476293087,0.05832727998495102,0.15802140533924103,0.05704612284898758,0.01803930662572384,0.05284906551241875,0.016736850142478943,0.005638326983898878
-98.0,0.02695254422724247,0.04855524003505707,0.043789710849523544,0.22662676870822906,0.06971926242113113,0.07918157428503036,0.05126086622476578,0.08498132228851318,0.013248155824840069,0.05604328215122223,0.15319669246673584,0.05701816454529762,0.017666231840848923,0.0541357584297657,0.017624441534280777,0.005627396050840616
-100.0,0.026958070695400238,0.04854530096054077,0.04376281797885895,0.22635900974273682,0.06977749615907669,0.0791374146938324,0.05129355937242508,0.0849854126572609,0.01326462160795927,0.0561436302959919,0.15341520309448242,0.05701819434762001,0.017682436853647232,0.05407492816448212,0.01758193038403988,0.005623652134090662
-121.0,0.0270122941583395,0.04843432456254959,0.04347844049334526,0.2235223799943924,0.07038788497447968,0.07866965234279633,0.0516304187476635,0.08501823991537094,0.013437548652291298,0.05722306668758392,0.15570707619190216,0.05702567100524902,0.017855850979685783,0.05344939976930618,0.017147747799754143,0.005610132589936256
-126.0,0.02702469751238823,0.048406556248664856,0.04340917244553566,0.22283492982387543,0.07053624093532562,0.07855649292469025,0.05170907452702522,0.0850224494934082,0.013479188084602356,0.05748300999403,0.15625686943531036,0.05702941119670868,0.01789919286966324,0.05330467224121094,0.017048075795173645,0.005603197030723095
-143.0,0.02706291899085045,0.0483042411506176,0.04317357391119003,0.22049008309841156,0.07103496789932251,0.07816728204488754,0.05197007209062576,0.08502942323684692,0.01362008135765791,0.05838020145893097,0.1581326574087143,0.05704725533723831,0.018048368394374847,0.052821047604084015,0.01671779714524746,0.005600724369287491
-99.0,0.026955312117934227,0.04855026677250862,0.0437762588262558,0.22649338841438293,0.06974837183952332,0.07915946841239929,0.05127721652388573,0.08498334884643555,0.01325640082359314,0.05609334632754326,0.15330569446086884,0.057018134742975235,0.01767435111105442,0.05410529300570488,0.017603162676095963,0.0056004771031439304
-153.0,0.02708362601697445,0.04824423789978027,0.043034330010414124,0.21908274292945862,0.07132914662361145,0.0779365822672844,0.05212144926190376,0.08503153920173645,0.013703780248761177,0.058914896100759506,0.1592438519001007,0.057060811668634415,0.018138602375984192,0.05254397168755531,0.01653040573000908,0.005594131536781788
-125.0,0.027022263035178185,0.04841223359107971,0.04342308267951012,0.22297139465808868,0.07050630450248718,0.07857923209667206,0.051693450659513474,0.08502192050218582,0.013470882549881935,0.057431187480688095,0.15614737570285797,0.057028692215681076,0.01789042539894581,0.05333360284566879,0.017067940905690193,0.005555284675210714
-144.0,0.027065005153417587,0.04829832538962364,0.04315964877605438,0.22035016119480133,0.07106443494558334,0.0781441330909729,0.05198540538549423,0.08502952754497528,0.013628470711410046,0.05843339487910271,0.15824377536773682,0.057048410177230835,0.018057407811284065,0.05279311537742615,0.01669878140091896,0.00554233230650425
-152.0,0.027081573382019997,0.048250261694192886,0.0430481992661953,0.21922430396080017,0.07129950076341629,0.07795962691307068,0.05210643261671066,0.08503098785877228,0.013695312663912773,0.05886109918355942,0.1591339111328125,0.0570591576397419,0.018129438161849976,0.052571386098861694,0.01654883846640587,0.005529806949198246
-122.0,0.027014775201678276,0.048428647220134735,0.043464552611112595,0.22338470816612244,0.07041747868061066,0.07864692062139511,0.0516461618244648,0.08501887321472168,0.013445858843624592,0.0572749599814415,0.15581820905208588,0.05702637508511543,0.017864445224404335,0.05342037230730057,0.01712769828736782,0.005517162848263979
-124.0,0.027019767090678215,0.048417821526527405,0.04343694448471069,0.22310876846313477,0.07047650218009949,0.07860180735588074,0.051677726209163666,0.08502095937728882,0.013462535105645657,0.05737925320863724,0.15603801608085632,0.057027868926525116,0.0178817231208086,0.05336252972483635,0.017087791115045547,0.005514016840606928
-123.0,0.027017267420887947,0.048423152416944504,0.0434507355093956,0.22324705123901367,0.07044698297977448,0.07862425595521927,0.05166191980242729,0.08501973003149033,0.013454176485538483,0.057326994836330414,0.15592844784259796,0.05702705308794975,0.017873095348477364,0.053391456604003906,0.017107710242271423,0.00549031188711524
-151.0,0.027079617604613304,0.048256393522024155,0.04306203871965408,0.21936525404453278,0.07127106934785843,0.07798254489898682,0.05209141969680786,0.08503071963787079,0.013687102124094963,0.058807771652936935,0.1590210348367691,0.05705767124891281,0.018120693042874336,0.05259918421506882,0.016567498445510864,0.005472955759614706
-145.0,0.027067117393016815,0.04829241335391998,0.04314557462930679,0.22021009027957916,0.07109429687261581,0.07812103629112244,0.05200054496526718,0.08502975851297379,0.013636890798807144,0.05848655477166176,0.1583544909954071,0.05704966187477112,0.018066538497805595,0.05276522785425186,0.016679879277944565,0.005426458083093166
-150.0,0.027077527716755867,0.04826245456933975,0.043076105415821075,0.21950645744800568,0.07124088704586029,0.07800572365522385,0.05207641050219536,0.0850307047367096,0.013678699731826782,0.058754146099090576,0.1589103639125824,0.0570562481880188,0.018111390992999077,0.05262678861618042,0.016586100682616234,0.00541343167424202
-149.0,0.027075504884123802,0.04826861619949341,0.0430898517370224,0.21964667737483978,0.07121218740940094,0.07802875339984894,0.05206125229597092,0.08503060787916183,0.0136704808101058,0.05870082229375839,0.1587984710931778,0.05705489218235016,0.018102610483765602,0.052654534578323364,0.01660473272204399,0.005359101574867964
-146.0,0.0270692165941,0.04828651621937752,0.0431315042078495,0.2200704962015152,0.07112390547990799,0.07809799909591675,0.05201572924852371,0.08502998948097229,0.013645344413816929,0.058539580553770065,0.15846486389636993,0.057050853967666626,0.018075646832585335,0.05273737385869026,0.01666099950671196,0.005329799372702837
-148.0,0.027073409408330917,0.04827464371919632,0.043103598058223724,0.21978788077831268,0.07118303328752518,0.07805173844099045,0.0520460307598114,0.08503030985593796,0.013662135228514671,0.05864691734313965,0.1586875319480896,0.05705353990197182,0.018093707039952278,0.05268201231956482,0.016623465344309807,0.005317495670169592
-147.0,0.027071354910731316,0.048280615359544754,0.04311774671077728,0.21993014216423035,0.07115305960178375,0.07807505875825882,0.0520310252904892,0.08503033965826035,0.01365372072905302,0.0585930235683918,0.15857528150081635,0.057052142918109894,0.018084561452269554,0.05270971357822418,0.016642192378640175,0.005297400988638401
Average,0.026903657242655754,0.048582617193460464,0.04393588379025459,0.2281627357006073,0.06935063004493713,0.07943990081548691,0.05100856348872185,0.08491268754005432,0.013142915442585945,0.05545806884765625,0.1518440991640091,0.057068824768066406,0.017582707107067108,0.054618097841739655,0.01798863708972931,
